--==============================================================================
--	 PORT LIME	================================================================
--	TEOTIHUACÁN	================================================================
--==============================================================================
-- Author: Capitan Lime
-- DateCreated: 2/6/2020 10:11:26
--------------------------------------------------------------------------------
-- The Empire of City-states
--------------------------------------------------------------------------------
--	UA: WHERE MEN BECOME GODS
--		May not build Settlers. All Trade Routes grant +1 Envoy when sent to a 
--		City-state. Type bonuses from city-states following your religion are
--		increased by 100% in the capital.
--
--------------------------------------------------------------------------------
--	UU:	EHUATL WEARER
--		When at least one is within 3 tiles of a city-state, envoys sent to that 
--		city state are doubled.
--		
--------------------------------------------------------------------------------
--	UD: POCHTECA ENCLAVE
--		Replaces the Diplomatic Quarter. Unlocked at State Workforce. Provides 
--		+1 Trade Route slot, with an additonal +1 per adjacent District, and +2
--		per adjacent wonder. Grants a major adjacency bonus to adjacent 
--		specialty districts. Generates +1 Great Prophet Points.
--
--------------------------------------------------------------------------------
--	NOTES:
--		This is like teotihuacan version 17 lmao
--		Armored Nahualli will need a lua
--------------------------------------------------------------------------------

--==============================================================================
-- Civ Base stuff!
--==============================================================================

INSERT INTO Types
		(Type,													Kind)
VALUES	('CIVILIZATION_LIME_TEOTIHUACAN',						'KIND_CIVILIZATION'),
		------------------------------------------------------------------------
		('TRAIT_CIVILIZATION_LIME_TEO_MEN_BECOME_GODS',			'KIND_TRAIT'),
		('MODTYPE_LIME_TEO_ADJUST_CAPITAL_YIELD_MODIFIER',		'KIND_MODIFIER'),
		('MODTYPE_LIME_TEO_ADJUST_CAPITAL_GREATPERSON_POINTS',	'KIND_MODIFIER'),
		('MODTYPE_LIME_TEO_ADJUST_CAPITAL_YIELD',				'KIND_MODIFIER'),
		------------------------------------------------------------------------
		('TRAIT_CIVILIZATION_UNIT_LIME_TEO_OWL_WARRIOR',		'KIND_TRAIT'),
		('UNIT_LIME_TEO_OWL_WARRIOR',							'KIND_UNIT'),
		------------------------------------------------------------------------
		('TRAIT_CIVILIZATION_DISTRICT_LIME_TEO_TOLLAN',			'KIND_TRAIT'),
		('DISTRICT_LIME_TEO_TOLLAN',							'KIND_DISTRICT');

INSERT INTO Traits
		(TraitType,												Name,														Description)
VALUES	('TRAIT_CIVILIZATION_LIME_TEO_MEN_BECOME_GODS',			'LOC_TRAIT_CIVILIZATION_LIME_TEO_MEN_BECOME_GODS_NAME',		'LOC_TRAIT_CIVILIZATION_LIME_TEO_MEN_BECOME_GODS_DESC'),
		('TRAIT_CIVILIZATION_UNIT_LIME_TEO_OWL_WARRIOR',		'LOC_TRAIT_CIVILIZATION_UNIT_LIME_TEO_OWL_WARRIOR_NAME',	NULL),
		('TRAIT_CIVILIZATION_DISTRICT_LIME_TEO_TOLLAN',			'LOC_TRAIT_CIVILIZATION_DISTRICT_LIME_TEO_TOLLAN_NAME',		NULL);

INSERT INTO CivilizationTraits
		(TraitType,												CivilizationType)
VALUES	('TRAIT_CIVILIZATION_LIME_TEO_MEN_BECOME_GODS',			'CIVILIZATION_LIME_TEOTIHUACAN'),
		('TRAIT_CIVILIZATION_UNIT_LIME_TEO_OWL_WARRIOR',		'CIVILIZATION_LIME_TEOTIHUACAN'),
		('TRAIT_CIVILIZATION_DISTRICT_LIME_TEO_TOLLAN',			'CIVILIZATION_LIME_TEOTIHUACAN');

INSERT INTO Civilizations
		(CivilizationType,					Name,							Description,								Adjective,										StartingCivilizationLevelType,	RandomCityNameDepth,	Ethnicity)
VALUES	('CIVILIZATION_LIME_TEOTIHUACAN',	'LOC_CITY_NAME_TEOTIHUACAN',	'LOC_CIVILIZATION_LIME_TEOTIHUACAN_DESC',	'LOC_CIVILIZATION_LIME_TEOTIHUACAN_ADJECTIVE',	'CIVILIZATION_LEVEL_FULL_CIV',	7,						'ETHNICITY_SOUTHAM');

INSERT INTO CivilizationInfo
		(CivilizationType,					Header,						Caption,									SortIndex)	
VALUES	('CIVILIZATION_LIME_TEOTIHUACAN',	'LOC_CIVINFO_LOCATION',		'LOC_CIVINFO_LIME_TEOTIHUACAN_LOCATION',	10),
		('CIVILIZATION_LIME_TEOTIHUACAN',	'LOC_CIVINFO_SIZE',			'LOC_CIVINFO_LIME_TEOTIHUACAN_SIZE',		20),
		('CIVILIZATION_LIME_TEOTIHUACAN',	'LOC_CIVINFO_POPULATION',	'LOC_CIVINFO_LIME_TEOTIHUACAN_POPULATION',	30),
		('CIVILIZATION_LIME_TEOTIHUACAN',	'LOC_CIVINFO_CAPITAL',		'LOC_CIVINFO_LIME_TEOTIHUACAN_CAPITAL',		40);

INSERT INTO CityNames	
		(CivilizationType,					CityName)	
VALUES	('CIVILIZATION_LIME_TEOTIHUACAN',	'LOC_CITY_NAME_TEOTIHUACAN'),
		('CIVILIZATION_LIME_TEOTIHUACAN',	'LOC_CITY_NAME_LIME_TEO_EL_PERU'),	
		('CIVILIZATION_LIME_TEOTIHUACAN',	'LOC_CITY_NAME_LIME_TEO_MONTANA'),
		('CIVILIZATION_LIME_TEOTIHUACAN',	'LOC_CITY_NAME_TIKAL'),		
		('CIVILIZATION_LIME_TEOTIHUACAN',	'LOC_CITY_NAME_UAXACTUN'),	
		('CIVILIZATION_LIME_TEOTIHUACAN',	'LOC_CITY_NAME_COPAN'),		
		('CIVILIZATION_LIME_TEOTIHUACAN',	'LOC_CITY_NAME_LIME_TEO_RIO_AZUL'),		
		('CIVILIZATION_LIME_TEOTIHUACAN',	'LOC_CITY_NAME_LIME_TEO_EL_ZAPOTE'),		
		('CIVILIZATION_LIME_TEOTIHUACAN',	'LOC_CITY_NAME_LIME_TEO_BEJUCAL'),
		('CIVILIZATION_LIME_TEOTIHUACAN',	'LOC_CITY_NAME_LIME_TEO_WEW');

DELETE FROM CityNames
WHERE CivilizationType = 'CIVILIZATION_AZTEC' AND CityName = 'LOC_CITY_NAME_TEOTIHUACAN';

INSERT INTO CivilizationCitizenNames	
		(CivilizationType,					CitizenName,										Female,	Modern)
SELECT	'CIVILIZATION_LIME_TEOTIHUACAN',	CitizenName,										Female, Modern
FROM CivilizationCitizenNames
	WHERE CivilizationType = 'CIVILIZATION_MAYA';

/*VALUES	('CIVILIZATION_LIME_TEOTIHUACAN',	'LOC_CITIZEN_LIME_TEOTIHUACAN_MALE_1',				0,		0), -- no way I'm getting 40 names lmao
		('CIVILIZATION_LIME_TEOTIHUACAN',	'LOC_CITIZEN_LIME_TEOTIHUACAN_MALE_2',				0,		0),
		('CIVILIZATION_LIME_TEOTIHUACAN',	'LOC_CITIZEN_LIME_TEOTIHUACAN_MALE_3',				0,		0),
		('CIVILIZATION_LIME_TEOTIHUACAN',	'LOC_CITIZEN_LIME_TEOTIHUACAN_MALE_4',				0,		0),
		('CIVILIZATION_LIME_TEOTIHUACAN',	'LOC_CITIZEN_LIME_TEOTIHUACAN_MALE_5',				0,		0),	
		('CIVILIZATION_LIME_TEOTIHUACAN',	'LOC_CITIZEN_LIME_TEOTIHUACAN_MALE_6',				0,		0),
		('CIVILIZATION_LIME_TEOTIHUACAN',	'LOC_CITIZEN_LIME_TEOTIHUACAN_MALE_7',				0,		0),
		('CIVILIZATION_LIME_TEOTIHUACAN',	'LOC_CITIZEN_LIME_TEOTIHUACAN_MALE_8',				0,		0),
		('CIVILIZATION_LIME_TEOTIHUACAN',	'LOC_CITIZEN_LIME_TEOTIHUACAN_MALE_9',				0,		0),
		('CIVILIZATION_LIME_TEOTIHUACAN',	'LOC_CITIZEN_LIME_TEOTIHUACAN_MALE_10',				0,		0),
		('CIVILIZATION_LIME_TEOTIHUACAN',	'LOC_CITIZEN_LIME_TEOTIHUACAN_FEMALE_1',			1,		0),
		('CIVILIZATION_LIME_TEOTIHUACAN',	'LOC_CITIZEN_LIME_TEOTIHUACAN_FEMALE_2',			1,		0),
		('CIVILIZATION_LIME_TEOTIHUACAN',	'LOC_CITIZEN_LIME_TEOTIHUACAN_FEMALE_3',			1,		0),
		('CIVILIZATION_LIME_TEOTIHUACAN',	'LOC_CITIZEN_LIME_TEOTIHUACAN_FEMALE_4',			1,		0),
		('CIVILIZATION_LIME_TEOTIHUACAN',	'LOC_CITIZEN_LIME_TEOTIHUACAN_FEMALE_5',			1,		0),
		('CIVILIZATION_LIME_TEOTIHUACAN',	'LOC_CITIZEN_LIME_TEOTIHUACAN_FEMALE_6',			1,		0),
		('CIVILIZATION_LIME_TEOTIHUACAN',	'LOC_CITIZEN_LIME_TEOTIHUACAN_FEMALE_7',			1,		0),
		('CIVILIZATION_LIME_TEOTIHUACAN',	'LOC_CITIZEN_LIME_TEOTIHUACAN_FEMALE_8',			1,		0),
		('CIVILIZATION_LIME_TEOTIHUACAN',	'LOC_CITIZEN_LIME_TEOTIHUACAN_FEMALE_9',			1,		0),
		('CIVILIZATION_LIME_TEOTIHUACAN',	'LOC_CITIZEN_LIME_TEOTIHUACAN_FEMALE_10',			1,		0),
		('CIVILIZATION_LIME_TEOTIHUACAN',	'LOC_CITIZEN_LIME_TEOTIHUACAN_MODERN_MALE_1',		0,		1),
		('CIVILIZATION_LIME_TEOTIHUACAN',	'LOC_CITIZEN_LIME_TEOTIHUACAN_MODERN_MALE_2',		0,		1),
		('CIVILIZATION_LIME_TEOTIHUACAN',	'LOC_CITIZEN_LIME_TEOTIHUACAN_MODERN_MALE_3',		0,		1),
		('CIVILIZATION_LIME_TEOTIHUACAN',	'LOC_CITIZEN_LIME_TEOTIHUACAN_MODERN_MALE_4',		0,		1),
		('CIVILIZATION_LIME_TEOTIHUACAN',	'LOC_CITIZEN_LIME_TEOTIHUACAN_MODERN_MALE_5',		0,		1),
		('CIVILIZATION_LIME_TEOTIHUACAN',	'LOC_CITIZEN_LIME_TEOTIHUACAN_MODERN_MALE_6',		0,		1),
		('CIVILIZATION_LIME_TEOTIHUACAN',	'LOC_CITIZEN_LIME_TEOTIHUACAN_MODERN_MALE_7',		0,		1),
		('CIVILIZATION_LIME_TEOTIHUACAN',	'LOC_CITIZEN_LIME_TEOTIHUACAN_MODERN_MALE_8',		0,		1),
		('CIVILIZATION_LIME_TEOTIHUACAN',	'LOC_CITIZEN_LIME_TEOTIHUACAN_MODERN_MALE_9',		0,		1),
		('CIVILIZATION_LIME_TEOTIHUACAN',	'LOC_CITIZEN_LIME_TEOTIHUACAN_MODERN_MALE_10',		0,		1),
		('CIVILIZATION_LIME_TEOTIHUACAN',	'LOC_CITIZEN_LIME_TEOTIHUACAN_MODERN_FEMALE_1',		1,		1),
		('CIVILIZATION_LIME_TEOTIHUACAN',	'LOC_CITIZEN_LIME_TEOTIHUACAN_MODERN_FEMALE_2',		1,		1),
		('CIVILIZATION_LIME_TEOTIHUACAN',	'LOC_CITIZEN_LIME_TEOTIHUACAN_MODERN_FEMALE_3',		1,		1),
		('CIVILIZATION_LIME_TEOTIHUACAN',	'LOC_CITIZEN_LIME_TEOTIHUACAN_MODERN_FEMALE_4',		1,		1),
		('CIVILIZATION_LIME_TEOTIHUACAN',	'LOC_CITIZEN_LIME_TEOTIHUACAN_MODERN_FEMALE_5',		1,		1),
		('CIVILIZATION_LIME_TEOTIHUACAN',	'LOC_CITIZEN_LIME_TEOTIHUACAN_MODERN_FEMALE_6',		1,		1),
		('CIVILIZATION_LIME_TEOTIHUACAN',	'LOC_CITIZEN_LIME_TEOTIHUACAN_MODERN_FEMALE_7',		1,		1),
		('CIVILIZATION_LIME_TEOTIHUACAN',	'LOC_CITIZEN_LIME_TEOTIHUACAN_MODERN_FEMALE_8',		1,		1),
		('CIVILIZATION_LIME_TEOTIHUACAN',	'LOC_CITIZEN_LIME_TEOTIHUACAN_MODERN_FEMALE_9',		1,		1),
		('CIVILIZATION_LIME_TEOTIHUACAN',	'LOC_CITIZEN_LIME_TEOTIHUACAN_MODERN_FEMALE_10',	1,		1);	*/

INSERT INTO StartBiasFeatures
		(CivilizationType,					FeatureType,				Tier)
VALUES	('CIVILIZATION_LIME_TEOTIHUACAN',	'FEATURE_VOLCANO',			1),
		('CIVILIZATION_LIME_TEOTIHUACAN',	'FEATURE_VOLCANIC_SOIL',	1);

INSERT INTO StartBiasResources
		(CivilizationType,					ResourceType,				Tier)
VALUES	('CIVILIZATION_LIME_TEOTIHUACAN',	'RESOURCE_JADE',			3);

--==============================================================================
-- Map Stuff
--==============================================================================
INSERT OR REPLACE INTO NamedLakeCivilizations
		(NamedLakeType,							CivilizationType)
VALUES	('NAMED_LAKE_LAKE_ILOPANGO',			'CIVILIZATION_LIME_TEOTIHUACAN'),		-- Am I autismo enough to have to rearrange these so they're in alphabetical order?
		('NAMED_LAKE_LAKE_TEXCOCO',				'CIVILIZATION_LIME_TEOTIHUACAN'),		-- ...
		('NAMED_LAKE_LAKE_XALTOCAN',			'CIVILIZATION_LIME_TEOTIHUACAN');		-- ...
																						-- ...
INSERT OR REPLACE INTO NamedLakes														-- ...yeah
		(NamedLakeType,							Name)
VALUES	('NAMED_LAKE_LAKE_ILOPANGO',			'LOC_LIME_NAMED_LAKE_LAKE_ILOPANGO'),	-- site of the volcano that helped kill Teo
		('NAMED_LAKE_LAKE_XALTOCAN',			'LOC_LIME_NAMED_LAKE_LAKE_XALTOCAN');

INSERT OR REPLACE INTO NamedMountainCivilizations
		(NamedMountainType,						CivilizationType)
VALUES	('NAMED_MOUNTAIN_CERRO_PATLACHIQUE',	'CIVILIZATION_LIME_TEOTIHUACAN'),
		('NAMED_MOUNTAIN_CERRO_TLALOC',			'CIVILIZATION_LIME_TEOTIHUACAN'),
		('NAMED_MOUNTAIN_SIERRA_MADRE',			'CIVILIZATION_LIME_TEOTIHUACAN'),
		('NAMED_MOUNTAIN_CERRO_GORDO',			'CIVILIZATION_LIME_TEOTIHUACAN'),
		('NAMED_MOUNTAIN_CERRO_MALINALCO',		'CIVILIZATION_LIME_TEOTIHUACAN');

INSERT OR REPLACE INTO NamedMountains
		(NamedMountainType,						Name)
VALUES	('NAMED_MOUNTAIN_CERRO_PATLACHIQUE',	'LOC_LIME_NAMED_MOUNTAIN_CERRO_PATLACHIQUE'),
		('NAMED_MOUNTAIN_CERRO_TLALOC',			'LOC_LIME_NAMED_MOUNTAIN_CERRO_TLALOC'),
		('NAMED_MOUNTAIN_CERRO_GORDO',			'LOC_LIME_NAMED_MOUNTAIN_CERRO_GORDO'),
		('NAMED_MOUNTAIN_CERRO_MALINALCO',		'LOC_LIME_NAMED_MOUNTAIN_CERRO_MALINALCO'),
		('NAMED_MOUNTAIN_SIERRA_MADRE',			'LOC_LIME_NAMED_MOUNTAIN_SIERRA_MADRE');

INSERT OR REPLACE INTO NamedRiverCivilizations
		(NamedRiverType,						CivilizationType)
SELECT	NamedRiverType,							'CIVILIZATION_LIME_TEOTIHUACAN'
FROM NamedRiverCivilizations
	WHERE CivilizationType = 'CIVILIZATION_AZTEC';

INSERT OR REPLACE INTO NamedRiverCivilizations
		(NamedRiverType,							CivilizationType)
VALUES	('NAMED_RIVER_LIME_TEO_SAN_PEDRO_RIVER',	'CIVILIZATION_LIME_TEOTIHUACAN');

INSERT OR REPLACE INTO NamedRivers
		(NamedRiverType,							Name)
VALUES	('NAMED_RIVER_LIME_TEO_SAN_PEDRO_RIVER',	'NAMED_RIVER_LIME_TEO_SAN_PEDRO_RIVER');

INSERT OR REPLACE INTO NamedSeaCivilizations
		(NamedSeaType,							CivilizationType)
SELECT	NamedSeaType,							'CIVILIZATION_LIME_TEOTIHUACAN'
FROM NamedSeaCivilizations
	WHERE CivilizationType = 'CIVILIZATION_AZTEC';	

INSERT OR REPLACE INTO NamedVolcanoCivilizations
		(NamedVolcanoType,						CivilizationType)
VALUES	('NAMED_VOLCANO_LIME_TEO_XITLE',		'CIVILIZATION_LIME_TEOTIHUACAN'), -- Volcano that offed teo's first rival
		('NAMED_VOLCANO_POPOCATEPETL',			'CIVILIZATION_LIME_TEOTIHUACAN'), -- Major local volcano
		('NAMED_VOLCANO_COLIMA',				'CIVILIZATION_LIME_TEOTIHUACAN'), -- another Major Local volcano
		('NAMED_VOLCANO_SANTA_MARIA',			'CIVILIZATION_LIME_TEOTIHUACAN'), -- Maya Volcano
		('NAMED_VOLCANO_PACAYA',				'CIVILIZATION_LIME_TEOTIHUACAN'), -- Maya Volcano
		('NAMED_VOLCANO_LIME_TEO_TAJUMULCO',	'CIVILIZATION_LIME_TEOTIHUACAN'); -- Highest point in central america

INSERT OR REPLACE INTO NamedVolcanoes
		(NamedVolcanoType,						Name)
VALUES	('NAMED_VOLCANO_LIME_TEO_XITLE',		'LOC_LIME_NAMED_VOLCANO_XITLE_NAME'),
		('NAMED_VOLCANO_LIME_TEO_TAJUMULCO',	'LOC_LIME_NAMED_VOLCANO_TAJUMULCO_NAME');

INSERT OR REPLACE INTO StartBiasFeatures
		(CivilizationType,						FeatureType,				Tier)
VALUES	('CIVILIZATION_LIME_TEOTIHUACAN',		'FEATURE_VOLCANO',			1);

--==============================================================================
-- UNIQUE ABILITY - WHERE MEN BECOME GODS
--==============================================================================
--		May not build Settlers. All Trade Routes grant +1 Envoy when sent to a 
--		City-state. Type bonuses from city-states following your religion are
--		increased by 100% in the capital.
--==============================================================================
INSERT INTO TraitModifiers			
		(TraitType,											ModifierId)
VALUES	('TRAIT_CIVILIZATION_LIME_TEO_MEN_BECOME_GODS',		'MOD_LIME_TEO_CANT_BUILD_SETTLERS'),
		('TRAIT_CIVILIZATION_LIME_TEO_MEN_BECOME_GODS',		'MOD_LIME_TEO_ROUTE_BONUS_ENVOY'),
		('TRAIT_CIVILIZATION_LIME_TEO_MEN_BECOME_GODS',		'MOD_LIME_TEO_AI_CANT_SETTLE');
		--('TRAIT_CIVILIZATION_LIME_TEO_MEN_BECOME_GODS',		'MOD_LIME_TEO_INCREASE_TYPE_BONUSES'),

INSERT INTO Modifiers
		(ModifierId,										ModifierType,																	SubjectRequirementSetId)
VALUES	('MOD_LIME_TEO_CANT_BUILD_SETTLERS',				'MODIFIER_PLAYER_UNIT_BUILD_DISABLED',											NULL),
		('MOD_LIME_TEO_ROUTE_BONUS_ENVOY',					'MODIFIER_PLAYER_ADJUST_TOKEN_ON_TRADE_ROUTE_STARTED',							NULL),
		('MOD_LIME_TEO_AI_CANT_SETTLE',						'MODIFIER_PLAYER_DISABLE_SETTLING',												'REQSET_LIME_TEO_PLAYER_IS_AI');

INSERT INTO ModifierArguments
		(ModifierId,										Name,			Value)
VALUES	('MOD_LIME_TEO_CANT_BUILD_SETTLERS',				'UnitType',		'UNIT_SETTLER'),
		('MOD_LIME_TEO_ROUTE_BONUS_ENVOY',					'Amount',		1),
		('MOD_LIME_TEO_AI_CANT_SETTLE',						'Disabled',		1);

INSERT INTO RequirementSets
		(RequirementSetId,							RequirementSetType)
VALUES	('REQSET_LIME_TEO_PLAYER_IS_AI',			'REQUIREMENTSET_TEST_ALL');

INSERT INTO RequirementSetRequirements
		(RequirementSetId,							RequirementId)
VALUES	('REQSET_LIME_TEO_PLAYER_IS_AI',			'REQUIRES_PLAYER_IS_AI'),
		('REQSET_LIME_TEO_PLAYER_IS_AI',			'REQUIRES_PLAYER_HAS_AT_LEAST_ONE_CITY');

INSERT INTO TraitModifiers			
		(TraitType,											ModifierId)
VALUES	('MINOR_CIV_CULTURAL_TRAIT',						'MOD_LIME_TEO_MINOR_CIV_CULTURE_SMALL_CAPITAL_ATTACH'),		
		('MINOR_CIV_CULTURAL_TRAIT',						'MOD_LIME_TEO_MINOR_CIV_CULTURE_SMALL_AMPHITHEATER_ATTACH'),
		('MINOR_CIV_CULTURAL_TRAIT',						'MOD_LIME_TEO_MINOR_CIV_CULTURE_MEDIUM_CONSULATE_ATTACH'),
		('MINOR_CIV_CULTURAL_TRAIT',						'MOD_LIME_TEO_MINOR_CIV_CULTURE_MEDIUM_ART_MUSEUM_ATTACH'),
		('MINOR_CIV_CULTURAL_TRAIT',						'MOD_LIME_TEO_MINOR_CIV_CULTURE_MEDIUM_ARCH_MUSEUM_ATTACH'),
		('MINOR_CIV_CULTURAL_TRAIT',						'MOD_LIME_TEO_MINOR_CIV_CULTURE_LARGE_CHANCERY_ATTACH'),
		('MINOR_CIV_CULTURAL_TRAIT',						'MOD_LIME_TEO_MINOR_CIV_CULTURE_LARGE_BROADCAST_ATTACH'),
		
		('MINOR_CIV_INDUSTRIAL_TRAIT',						'MOD_LIME_TEO_MINOR_CIV_INDUSTRIAL_BUILDING_SMALL_CAPITAL_ATTACH'),		
		('MINOR_CIV_INDUSTRIAL_TRAIT',						'MOD_LIME_TEO_MINOR_CIV_INDUSTRIAL_DISTRICT_SMALL_CAPITAL_ATTACH'),
		('MINOR_CIV_INDUSTRIAL_TRAIT',						'MOD_LIME_TEO_MINOR_CIV_INDUSTRIAL_BUILDING_SMALL_WORKSHOP_ATTACH'),
		('MINOR_CIV_INDUSTRIAL_TRAIT',						'MOD_LIME_TEO_MINOR_CIV_INDUSTRIAL_DISTRICT_SMALL_WORKSHOP_ATTACH'),
		('MINOR_CIV_INDUSTRIAL_TRAIT',						'MOD_LIME_TEO_MINOR_CIV_INDUSTRIAL_BUILDING_MEDIUM_FACTORY_ATTACH'),
		('MINOR_CIV_INDUSTRIAL_TRAIT',						'MOD_LIME_TEO_MINOR_CIV_INDUSTRIAL_DISTRICT_MEDIUM_FACTORY_ATTACH'),
		('MINOR_CIV_INDUSTRIAL_TRAIT',						'MOD_LIME_TEO_MINOR_CIV_INDUSTRIAL_BUILDING_MEDIUM_CONSULATE_ATTACH'),
		('MINOR_CIV_INDUSTRIAL_TRAIT',						'MOD_LIME_TEO_MINOR_CIV_INDUSTRIAL_DISTRICT_MEDIUM_CONSULATE_ATTACH'),
		('MINOR_CIV_INDUSTRIAL_TRAIT',						'MOD_LIME_TEO_MINOR_CIV_INDUSTRIAL_BUILDING_LARGE_POWER_PLANT_ATTACH'),
		('MINOR_CIV_INDUSTRIAL_TRAIT',						'MOD_LIME_TEO_MINOR_CIV_INDUSTRIAL_DISTRICT_LARGE_POWER_PLANT_ATTACH'),
		('MINOR_CIV_INDUSTRIAL_TRAIT',						'MOD_LIME_TEO_MINOR_CIV_INDUSTRIAL_BUILDING_LARGE_CHANCERY_ATTACH'),
		('MINOR_CIV_INDUSTRIAL_TRAIT',						'MOD_LIME_TEO_MINOR_CIV_INDUSTRIAL_DISTRICT_LARGE_CHANCERY_ATTACH'),	
		
		('MINOR_CIV_MILITARISTIC_TRAIT',					'MOD_LIME_TEO_MINOR_CIV_MILITARY_SMALL_CAPITAL_ATTACH'),
		('MINOR_CIV_MILITARISTIC_TRAIT',					'MOD_LIME_TEO_MINOR_CIV_MILITARY_SMALL_BARRACKS_STABLES_ATTACH'),
		('MINOR_CIV_MILITARISTIC_TRAIT',					'MOD_LIME_TEO_MINOR_CIV_MILITARY_MEDIUM_ARMORY_ATTACH'),
		('MINOR_CIV_MILITARISTIC_TRAIT',					'MOD_LIME_TEO_MINOR_CIV_MILITARY_MEDIUM_CONSULATE_ATTACH'),
		('MINOR_CIV_MILITARISTIC_TRAIT',					'MOD_LIME_TEO_MINOR_CIV_MILITARY_LARGE_ACADEMY_ATTACH'),
		('MINOR_CIV_MILITARISTIC_TRAIT',					'MOD_LIME_TEO_MINOR_CIV_MILITARY_LARGE_CHANCERY_ATTACH'),
		
		('MINOR_CIV_RELIGIOUS_TRAIT',						'MOD_LIME_TEO_MINOR_CIV_FAITH_SMALL_CAPITAL_ATTACH'),
		('MINOR_CIV_RELIGIOUS_TRAIT',						'MOD_LIME_TEO_MINOR_CIV_FAITH_SMALL_SHRINE_ATTACH'),
		('MINOR_CIV_RELIGIOUS_TRAIT',						'MOD_LIME_TEO_MINOR_CIV_FAITH_MEDIUM_TEMPLE_ATTACH'),	
		('MINOR_CIV_RELIGIOUS_TRAIT',						'MOD_LIME_TEO_MINOR_CIV_FAITH_MEDIUM_CONSULATE_ATTACH'),
		('MINOR_CIV_RELIGIOUS_TRAIT',						'MOD_LIME_TEO_MINOR_CIV_FAITH_LARGE_CHANCERY_ATTACH'),
		('MINOR_CIV_RELIGIOUS_TRAIT',						'MOD_LIME_TEO_MINOR_CIV_FAITH_LARGE_WORSHIP_ATTACH'),
		
		('MINOR_CIV_SCIENTIFIC_TRAIT',						'MOD_LIME_TEO_MINOR_CIV_SCIENCE_SMALL_CAPITAL_ATTACH'),
		('MINOR_CIV_SCIENTIFIC_TRAIT',						'MOD_LIME_TEO_MINOR_CIV_SCIENCE_SMALL_LIBRARY_ATTACH'),
		('MINOR_CIV_SCIENTIFIC_TRAIT',						'MOD_LIME_TEO_MINOR_CIV_SCIENCE_MEDIUM_UNIVERSITY_ATTACH'),
		('MINOR_CIV_SCIENTIFIC_TRAIT',						'MOD_LIME_TEO_MINOR_CIV_SCIENCE_MEDIUM_CONSULATE_ATTACH'),	
		('MINOR_CIV_SCIENTIFIC_TRAIT',						'MOD_LIME_TEO_MINOR_CIV_SCIENCE_LARGE_RESEARCH_LAB_ATTACH'),
		('MINOR_CIV_SCIENTIFIC_TRAIT',						'MOD_LIME_TEO_MINOR_CIV_SCIENCE_LARGE_CHANCERY_ATTACH'),	
		
		('MINOR_CIV_TRADE_TRAIT',							'MOD_LIME_TEO_MINOR_CIV_TRADE_SMALL_CAPITAL_ATTACH'),
		('MINOR_CIV_TRADE_TRAIT',							'MOD_LIME_TEO_MINOR_CIV_TRADE_SMALL_MARKET_ATTACH'),
		('MINOR_CIV_TRADE_TRAIT',							'MOD_LIME_TEO_MINOR_CIV_TRADE_SMALL_LIGHTHOUSE_ATTACH'),
		('MINOR_CIV_TRADE_TRAIT',							'MOD_LIME_TEO_MINOR_CIV_TRADE_MEDIUM_BANK_ATTACH'),	
		('MINOR_CIV_TRADE_TRAIT',							'MOD_LIME_TEO_MINOR_CIV_TRADE_MEDIUM_SHIPYARD_ATTACH'),
		('MINOR_CIV_TRADE_TRAIT',							'MOD_LIME_TEO_MINOR_CIV_TRADE_MEDIUM_CONSULATE_ATTACH'),
		('MINOR_CIV_TRADE_TRAIT',							'MOD_LIME_TEO_MINOR_CIV_TRADE_LARGE_STONKS_ATTACH'),
		('MINOR_CIV_TRADE_TRAIT',							'MOD_LIME_TEO_MINOR_CIV_TRADE_LARGE_SEAPORT_ATTACH'),
		('MINOR_CIV_TRADE_TRAIT',							'MOD_LIME_TEO_MINOR_CIV_TRADE_LARGE_CHANCERY_ATTACH');

-- Teo-centric stuff
INSERT INTO Modifiers
		(ModifierId,															ModifierType,												SubjectRequirementSetId)
VALUES	('MOD_LIME_TEO_MINOR_CIV_CULTURE_SMALL_CAPITAL_ATTACH',					'MODIFIER_ALL_PLAYERS_ATTACH_MODIFIER',						'REQSET_LIME_TEO_HAS_SMALL_INFLUENCE'),
		('MOD_LIME_TEO_MINOR_CIV_CULTURE_SMALL_AMPHITHEATER_ATTACH',			'MODIFIER_ALL_PLAYERS_ATTACH_MODIFIER',						'REQSET_LIME_TEO_HAS_SMALL_INFLUENCE'),
		('MOD_LIME_TEO_MINOR_CIV_CULTURE_MEDIUM_CONSULATE_ATTACH',				'MODIFIER_ALL_PLAYERS_ATTACH_MODIFIER',						'REQSET_LIME_TEO_HAS_MEDIUM_INFLUENCE'),
		('MOD_LIME_TEO_MINOR_CIV_CULTURE_MEDIUM_ART_MUSEUM_ATTACH',				'MODIFIER_ALL_PLAYERS_ATTACH_MODIFIER',						'REQSET_LIME_TEO_HAS_MEDIUM_INFLUENCE'),
		('MOD_LIME_TEO_MINOR_CIV_CULTURE_MEDIUM_ARCH_MUSEUM_ATTACH',			'MODIFIER_ALL_PLAYERS_ATTACH_MODIFIER',						'REQSET_LIME_TEO_HAS_MEDIUM_INFLUENCE'),
		('MOD_LIME_TEO_MINOR_CIV_CULTURE_LARGE_CHANCERY_ATTACH',				'MODIFIER_ALL_PLAYERS_ATTACH_MODIFIER',						'REQSET_LIME_TEO_HAS_LARGE_INFLUENCE'),
		('MOD_LIME_TEO_MINOR_CIV_CULTURE_LARGE_BROADCAST_ATTACH',				'MODIFIER_ALL_PLAYERS_ATTACH_MODIFIER',						'REQSET_LIME_TEO_HAS_LARGE_INFLUENCE'),
			('MOD_LIME_TEO_MINOR_CIV_CULTURE_SMALL_CAPITAL',					'MODIFIER_PLAYER_CAPITAL_CITY_ADJUST_CITY_YIELD_CHANGE',	NULL),
			('MOD_LIME_TEO_MINOR_CIV_CULTURE_SMALL_AMPHITHEATER',				'MODIFIER_PLAYER_CITIES_ADJUST_BUILDING_YIELD_CHANGE',		NULL),
			('MOD_LIME_TEO_MINOR_CIV_CULTURE_MEDIUM_CONSULATE',					'MODIFIER_PLAYER_CITIES_ADJUST_BUILDING_YIELD_CHANGE',		NULL),
			('MOD_LIME_TEO_MINOR_CIV_CULTURE_MEDIUM_ART_MUSEUM',				'MODIFIER_PLAYER_CITIES_ADJUST_BUILDING_YIELD_CHANGE',		NULL),
			('MOD_LIME_TEO_MINOR_CIV_CULTURE_MEDIUM_ARCH_MUSEUM',				'MODIFIER_PLAYER_CITIES_ADJUST_BUILDING_YIELD_CHANGE',		NULL),
			('MOD_LIME_TEO_MINOR_CIV_CULTURE_LARGE_CHANCERY',					'MODIFIER_PLAYER_CITIES_ADJUST_BUILDING_YIELD_CHANGE',		NULL),
			('MOD_LIME_TEO_MINOR_CIV_CULTURE_LARGE_BROADCAST',					'MODIFIER_PLAYER_CITIES_ADJUST_BUILDING_YIELD_CHANGE',		NULL),

		('MOD_LIME_TEO_MINOR_CIV_INDUSTRIAL_BUILDING_SMALL_CAPITAL_ATTACH',		'MODIFIER_ALL_PLAYERS_ATTACH_MODIFIER',						'REQSET_LIME_TEO_HAS_SMALL_INFLUENCE'),	
		('MOD_LIME_TEO_MINOR_CIV_INDUSTRIAL_DISTRICT_SMALL_CAPITAL_ATTACH',		'MODIFIER_ALL_PLAYERS_ATTACH_MODIFIER',						'REQSET_LIME_TEO_HAS_SMALL_INFLUENCE'),
		('MOD_LIME_TEO_MINOR_CIV_INDUSTRIAL_BUILDING_SMALL_WORKSHOP_ATTACH',	'MODIFIER_ALL_PLAYERS_ATTACH_MODIFIER',						'REQSET_LIME_TEO_HAS_SMALL_INFLUENCE'),
		('MOD_LIME_TEO_MINOR_CIV_INDUSTRIAL_DISTRICT_SMALL_WORKSHOP_ATTACH',	'MODIFIER_ALL_PLAYERS_ATTACH_MODIFIER',						'REQSET_LIME_TEO_HAS_SMALL_INFLUENCE'),
		('MOD_LIME_TEO_MINOR_CIV_INDUSTRIAL_BUILDING_MEDIUM_FACTORY_ATTACH',	'MODIFIER_ALL_PLAYERS_ATTACH_MODIFIER',						'REQSET_LIME_TEO_HAS_MEDIUM_INFLUENCE'),
		('MOD_LIME_TEO_MINOR_CIV_INDUSTRIAL_DISTRICT_MEDIUM_FACTORY_ATTACH',	'MODIFIER_ALL_PLAYERS_ATTACH_MODIFIER',						'REQSET_LIME_TEO_HAS_MEDIUM_INFLUENCE'),
		('MOD_LIME_TEO_MINOR_CIV_INDUSTRIAL_BUILDING_MEDIUM_CONSULATE_ATTACH',	'MODIFIER_ALL_PLAYERS_ATTACH_MODIFIER',						'REQSET_LIME_TEO_HAS_MEDIUM_INFLUENCE'),
		('MOD_LIME_TEO_MINOR_CIV_INDUSTRIAL_DISTRICT_MEDIUM_CONSULATE_ATTACH',	'MODIFIER_ALL_PLAYERS_ATTACH_MODIFIER',						'REQSET_LIME_TEO_HAS_MEDIUM_INFLUENCE'),
		('MOD_LIME_TEO_MINOR_CIV_INDUSTRIAL_BUILDING_LARGE_POWER_PLANT_ATTACH',	'MODIFIER_ALL_PLAYERS_ATTACH_MODIFIER',						'REQSET_LIME_TEO_HAS_LARGE_INFLUENCE'),
		('MOD_LIME_TEO_MINOR_CIV_INDUSTRIAL_DISTRICT_LARGE_POWER_PLANT_ATTACH',	'MODIFIER_ALL_PLAYERS_ATTACH_MODIFIER',						'REQSET_LIME_TEO_HAS_LARGE_INFLUENCE'),
		('MOD_LIME_TEO_MINOR_CIV_INDUSTRIAL_BUILDING_LARGE_CHANCERY_ATTACH',	'MODIFIER_ALL_PLAYERS_ATTACH_MODIFIER',						'REQSET_LIME_TEO_HAS_LARGE_INFLUENCE'),
		('MOD_LIME_TEO_MINOR_CIV_INDUSTRIAL_DISTRICT_LARGE_CHANCERY_ATTACH',	'MODIFIER_ALL_PLAYERS_ATTACH_MODIFIER',						'REQSET_LIME_TEO_HAS_LARGE_INFLUENCE'),	
			('MOD_LIME_TEO_MINOR_CIV_INDUSTRIAL_BUILDING_SMALL_CAPITAL',		'MODIFIER_PLAYER_CAPITAL_CITY_ADJUST_BUILDING_PRODUCTION',	NULL),
			('MOD_LIME_TEO_MINOR_CIV_INDUSTRIAL_DISTRICT_SMALL_CAPITAL',		'MODIFIER_PLAYER_CAPITAL_CITY_ADJUST_DISTRICT_PRODUCTION',	NULL),
			('MOD_LIME_TEO_MINOR_CIV_INDUSTRIAL_BUILDING_SMALL_WORKSHOP',		'MODIFIER_PLAYER_CITIES_ADJUST_BUILDING_PRODUCTION_CHANGE',	'BUILDING_IS_WORKSHOP'),
			('MOD_LIME_TEO_MINOR_CIV_INDUSTRIAL_DISTRICT_SMALL_WORKSHOP',		'MODIFIER_PLAYER_CITIES_ADJUST_DISTRICT_PRODUCTION_CHANGE',	'BUILDING_IS_WORKSHOP'),
			('MOD_LIME_TEO_MINOR_CIV_INDUSTRIAL_BUILDING_MEDIUM_FACTORY',		'MODIFIER_PLAYER_CITIES_ADJUST_BUILDING_PRODUCTION_CHANGE',	'BUILDING_IS_FACTORY'),
			('MOD_LIME_TEO_MINOR_CIV_INDUSTRIAL_DISTRICT_MEDIUM_FACTORY',		'MODIFIER_PLAYER_CITIES_ADJUST_DISTRICT_PRODUCTION_CHANGE',	'BUILDING_IS_FACTORY'),
			('MOD_LIME_TEO_MINOR_CIV_INDUSTRIAL_BUILDING_MEDIUM_CONSULATE',		'MODIFIER_PLAYER_CITIES_ADJUST_BUILDING_PRODUCTION_CHANGE',	'BUILDING_IS_CONSULATE'),
			('MOD_LIME_TEO_MINOR_CIV_INDUSTRIAL_DISTRICT_MEDIUM_CONSULATE',		'MODIFIER_PLAYER_CITIES_ADJUST_DISTRICT_PRODUCTION_CHANGE',	'BUILDING_IS_CONSULATE'),
			('MOD_LIME_TEO_MINOR_CIV_INDUSTRIAL_BUILDING_LARGE_POWER_PLANT',	'MODIFIER_PLAYER_CITIES_ADJUST_BUILDING_PRODUCTION_CHANGE',	'BUILDING_IS_POWER_PLANT_ETHIOPIA'),
			('MOD_LIME_TEO_MINOR_CIV_INDUSTRIAL_DISTRICT_LARGE_POWER_PLANT',	'MODIFIER_PLAYER_CITIES_ADJUST_DISTRICT_PRODUCTION_CHANGE',	'BUILDING_IS_POWER_PLANT_ETHIOPIA'),
			('MOD_LIME_TEO_MINOR_CIV_INDUSTRIAL_BUILDING_LARGE_CHANCERY',		'MODIFIER_PLAYER_CITIES_ADJUST_BUILDING_PRODUCTION_CHANGE',	'BUILDING_IS_CHANCERY'),
			('MOD_LIME_TEO_MINOR_CIV_INDUSTRIAL_DISTRICT_LARGE_CHANCERY',		'MODIFIER_PLAYER_CITIES_ADJUST_DISTRICT_PRODUCTION_CHANGE',	'BUILDING_IS_CHANCERY'),

		('MOD_LIME_TEO_MINOR_CIV_MILITARY_SMALL_CAPITAL_ATTACH',				'MODIFIER_ALL_PLAYERS_ATTACH_MODIFIER',						'REQSET_LIME_TEO_HAS_SMALL_INFLUENCE'),	
		('MOD_LIME_TEO_MINOR_CIV_MILITARY_SMALL_BARRACKS_STABLES_ATTACH',		'MODIFIER_ALL_PLAYERS_ATTACH_MODIFIER',						'REQSET_LIME_TEO_HAS_SMALL_INFLUENCE'),
		('MOD_LIME_TEO_MINOR_CIV_MILITARY_MEDIUM_ARMORY_ATTACH',				'MODIFIER_ALL_PLAYERS_ATTACH_MODIFIER',						'REQSET_LIME_TEO_HAS_MEDIUM_INFLUENCE'),
		('MOD_LIME_TEO_MINOR_CIV_MILITARY_MEDIUM_CONSULATE_ATTACH',				'MODIFIER_ALL_PLAYERS_ATTACH_MODIFIER',						'REQSET_LIME_TEO_HAS_MEDIUM_INFLUENCE'),
		('MOD_LIME_TEO_MINOR_CIV_MILITARY_LARGE_ACADEMY_ATTACH',				'MODIFIER_ALL_PLAYERS_ATTACH_MODIFIER',						'REQSET_LIME_TEO_HAS_LARGE_INFLUENCE'),
		('MOD_LIME_TEO_MINOR_CIV_MILITARY_LARGE_CHANCERY_ATTACH',				'MODIFIER_ALL_PLAYERS_ATTACH_MODIFIER',						'REQSET_LIME_TEO_HAS_LARGE_INFLUENCE'),	
			('MOD_LIME_TEO_MINOR_CIV_MILITARY_SMALL_CAPITAL',					'MODIFIER_PLAYER_CAPITAL_CITY_ADJUST_UNIT_PRODUCTION',		NULL),
			('MOD_LIME_TEO_MINOR_CIV_MILITARY_SMALL_BARRACKS_STABLES',			'MODIFIER_PLAYER_CITIES_ADJUST_UNIT_PRODUCTION_CHANGE',		'BUILDING_IS_BARRACKS_STABLE_ETHIOPIA'),
			('MOD_LIME_TEO_MINOR_CIV_MILITARY_MEDIUM_ARMORY',					'MODIFIER_PLAYER_CITIES_ADJUST_UNIT_PRODUCTION_CHANGE',		'BUILDING_IS_ARMORY'),
			('MOD_LIME_TEO_MINOR_CIV_MILITARY_MEDIUM_CONSULATE',				'MODIFIER_PLAYER_CITIES_ADJUST_UNIT_PRODUCTION_CHANGE',		'BUILDING_IS_CONSULATE'),
			('MOD_LIME_TEO_MINOR_CIV_MILITARY_LARGE_ACADEMY',					'MODIFIER_PLAYER_CITIES_ADJUST_UNIT_PRODUCTION_CHANGE',		'BUILDING_IS_MILITARY_ACADEMY_ETHIOPIA'),
			('MOD_LIME_TEO_MINOR_CIV_MILITARY_LARGE_CHANCERY',					'MODIFIER_PLAYER_CITIES_ADJUST_UNIT_PRODUCTION_CHANGE',		'BUILDING_IS_CHANCERY'),

		('MOD_LIME_TEO_MINOR_CIV_FAITH_SMALL_CAPITAL_ATTACH',					'MODIFIER_ALL_PLAYERS_ATTACH_MODIFIER',						'REQSET_LIME_TEO_HAS_SMALL_INFLUENCE'),
		('MOD_LIME_TEO_MINOR_CIV_FAITH_SMALL_SHRINE_ATTACH',					'MODIFIER_ALL_PLAYERS_ATTACH_MODIFIER',						'REQSET_LIME_TEO_HAS_SMALL_INFLUENCE'),
		('MOD_LIME_TEO_MINOR_CIV_FAITH_MEDIUM_TEMPLE_ATTACH',					'MODIFIER_ALL_PLAYERS_ATTACH_MODIFIER',						'REQSET_LIME_TEO_HAS_MEDIUM_INFLUENCE'),
		('MOD_LIME_TEO_MINOR_CIV_FAITH_MEDIUM_CONSULATE_ATTACH',				'MODIFIER_ALL_PLAYERS_ATTACH_MODIFIER',						'REQSET_LIME_TEO_HAS_MEDIUM_INFLUENCE'),
		('MOD_LIME_TEO_MINOR_CIV_FAITH_LARGE_CHANCERY_ATTACH',					'MODIFIER_ALL_PLAYERS_ATTACH_MODIFIER',						'REQSET_LIME_TEO_HAS_LARGE_INFLUENCE'),
		('MOD_LIME_TEO_MINOR_CIV_FAITH_LARGE_WORSHIP_ATTACH',					'MODIFIER_ALL_PLAYERS_ATTACH_MODIFIER',						'REQSET_LIME_TEO_HAS_LARGE_INFLUENCE'),
			('MOD_LIME_TEO_MINOR_CIV_FAITH_SMALL_CAPITAL',						'MODIFIER_PLAYER_CAPITAL_CITY_ADJUST_CITY_YIELD_CHANGE',	NULL),
			('MOD_LIME_TEO_MINOR_CIV_FAITH_SMALL_SHRINE',						'MODIFIER_PLAYER_CITIES_ADJUST_BUILDING_YIELD_CHANGE',		NULL),
			('MOD_LIME_TEO_MINOR_CIV_FAITH_MEDIUM_TEMPLE',						'MODIFIER_PLAYER_CITIES_ADJUST_BUILDING_YIELD_CHANGE',		NULL),
			('MOD_LIME_TEO_MINOR_CIV_FAITH_MEDIUM_CONSULATE',					'MODIFIER_PLAYER_CITIES_ADJUST_BUILDING_YIELD_CHANGE',		NULL),
			('MOD_LIME_TEO_MINOR_CIV_FAITH_LARGE_CHANCERY',						'MODIFIER_PLAYER_CITIES_ADJUST_BUILDING_YIELD_CHANGE',		NULL),
			('MOD_LIME_TEO_MINOR_CIV_FAITH_LARGE_WORSHIP',						'MODIFIER_PLAYER_CITIES_ADJUST_CITY_YIELD_CHANGE',			'BUILDING_IS_TIER3_HOLY_SITE'),
		
		('MOD_LIME_TEO_MINOR_CIV_SCIENCE_SMALL_CAPITAL_ATTACH',					'MODIFIER_ALL_PLAYERS_ATTACH_MODIFIER',						'REQSET_LIME_TEO_HAS_SMALL_INFLUENCE'),
		('MOD_LIME_TEO_MINOR_CIV_SCIENCE_SMALL_LIBRARY_ATTACH',					'MODIFIER_ALL_PLAYERS_ATTACH_MODIFIER',						'REQSET_LIME_TEO_HAS_SMALL_INFLUENCE'),
		('MOD_LIME_TEO_MINOR_CIV_SCIENCE_MEDIUM_UNIVERSITY_ATTACH',				'MODIFIER_ALL_PLAYERS_ATTACH_MODIFIER',						'REQSET_LIME_TEO_HAS_MEDIUM_INFLUENCE'),
		('MOD_LIME_TEO_MINOR_CIV_SCIENCE_MEDIUM_CONSULATE_ATTACH',				'MODIFIER_ALL_PLAYERS_ATTACH_MODIFIER',						'REQSET_LIME_TEO_HAS_MEDIUM_INFLUENCE'),
		('MOD_LIME_TEO_MINOR_CIV_SCIENCE_LARGE_RESEARCH_LAB_ATTACH',			'MODIFIER_ALL_PLAYERS_ATTACH_MODIFIER',						'REQSET_LIME_TEO_HAS_LARGE_INFLUENCE'),
		('MOD_LIME_TEO_MINOR_CIV_SCIENCE_LARGE_CHANCERY_ATTACH',				'MODIFIER_ALL_PLAYERS_ATTACH_MODIFIER',						'REQSET_LIME_TEO_HAS_LARGE_INFLUENCE'),	
			('MOD_LIME_TEO_MINOR_CIV_SCIENCE_SMALL_CAPITAL',					'MODIFIER_PLAYER_CAPITAL_CITY_ADJUST_CITY_YIELD_CHANGE',	NULL),
			('MOD_LIME_TEO_MINOR_CIV_SCIENCE_SMALL_LIBRARY',					'MODIFIER_PLAYER_CITIES_ADJUST_BUILDING_YIELD_CHANGE',		NULL),
			('MOD_LIME_TEO_MINOR_CIV_SCIENCE_MEDIUM_UNIVERSITY',				'MODIFIER_PLAYER_CITIES_ADJUST_BUILDING_YIELD_CHANGE',		NULL),
			('MOD_LIME_TEO_MINOR_CIV_SCIENCE_MEDIUM_CONSULATE',					'MODIFIER_PLAYER_CITIES_ADJUST_BUILDING_YIELD_CHANGE',		NULL),
			('MOD_LIME_TEO_MINOR_CIV_SCIENCE_LARGE_RESEARCH_LAB',				'MODIFIER_PLAYER_CITIES_ADJUST_BUILDING_YIELD_CHANGE',		NULL),
			('MOD_LIME_TEO_MINOR_CIV_SCIENCE_LARGE_CHANCERY',					'MODIFIER_PLAYER_CITIES_ADJUST_BUILDING_YIELD_CHANGE',		NULL),

		('MOD_LIME_TEO_MINOR_CIV_TRADE_SMALL_CAPITAL_ATTACH',					'MODIFIER_ALL_PLAYERS_ATTACH_MODIFIER',						'REQSET_LIME_TEO_HAS_SMALL_INFLUENCE'),
		('MOD_LIME_TEO_MINOR_CIV_TRADE_SMALL_MARKET_ATTACH',					'MODIFIER_ALL_PLAYERS_ATTACH_MODIFIER',						'REQSET_LIME_TEO_HAS_SMALL_INFLUENCE'),
		('MOD_LIME_TEO_MINOR_CIV_TRADE_SMALL_LIGHTHOUSE_ATTACH',				'MODIFIER_ALL_PLAYERS_ATTACH_MODIFIER',						'REQSET_LIME_TEO_HAS_SMALL_INFLUENCE'),
		('MOD_LIME_TEO_MINOR_CIV_TRADE_MEDIUM_BANK_ATTACH',						'MODIFIER_ALL_PLAYERS_ATTACH_MODIFIER',						'REQSET_LIME_TEO_HAS_MEDIUM_INFLUENCE'),
		('MOD_LIME_TEO_MINOR_CIV_TRADE_MEDIUM_SHIPYARD_ATTACH',					'MODIFIER_ALL_PLAYERS_ATTACH_MODIFIER',						'REQSET_LIME_TEO_HAS_MEDIUM_INFLUENCE'),
		('MOD_LIME_TEO_MINOR_CIV_TRADE_MEDIUM_CONSULATE_ATTACH',				'MODIFIER_ALL_PLAYERS_ATTACH_MODIFIER',						'REQSET_LIME_TEO_HAS_MEDIUM_INFLUENCE'),
		('MOD_LIME_TEO_MINOR_CIV_TRADE_LARGE_STONKS_ATTACH',					'MODIFIER_ALL_PLAYERS_ATTACH_MODIFIER',						'REQSET_LIME_TEO_HAS_LARGE_INFLUENCE'),
		('MOD_LIME_TEO_MINOR_CIV_TRADE_LARGE_SEAPORT_ATTACH',					'MODIFIER_ALL_PLAYERS_ATTACH_MODIFIER',						'REQSET_LIME_TEO_HAS_LARGE_INFLUENCE'),
		('MOD_LIME_TEO_MINOR_CIV_TRADE_LARGE_CHANCERY_ATTACH',					'MODIFIER_ALL_PLAYERS_ATTACH_MODIFIER',						'REQSET_LIME_TEO_HAS_LARGE_INFLUENCE'),
			('MOD_LIME_TEO_MINOR_CIV_TRADE_SMALL_CAPITAL',						'MODIFIER_PLAYER_CAPITAL_CITY_ADJUST_CITY_YIELD_CHANGE',	NULL),
			('MOD_LIME_TEO_MINOR_CIV_TRADE_SMALL_MARKET',						'MODIFIER_PLAYER_CITIES_ADJUST_BUILDING_YIELD_CHANGE',		NULL),
			('MOD_LIME_TEO_MINOR_CIV_TRADE_SMALL_LIGHTHOUSE',					'MODIFIER_PLAYER_CITIES_ADJUST_BUILDING_YIELD_CHANGE',		NULL),
			('MOD_LIME_TEO_MINOR_CIV_TRADE_MEDIUM_BANK',						'MODIFIER_PLAYER_CITIES_ADJUST_BUILDING_YIELD_CHANGE',		NULL),
			('MOD_LIME_TEO_MINOR_CIV_TRADE_MEDIUM_SHIPYARD',					'MODIFIER_PLAYER_CITIES_ADJUST_BUILDING_YIELD_CHANGE',		NULL),
			('MOD_LIME_TEO_MINOR_CIV_TRADE_MEDIUM_CONSULATE',					'MODIFIER_PLAYER_CITIES_ADJUST_BUILDING_YIELD_CHANGE',		NULL),
			('MOD_LIME_TEO_MINOR_CIV_TRADE_LARGE_STONKS',						'MODIFIER_PLAYER_CITIES_ADJUST_BUILDING_YIELD_CHANGE',		NULL),
			('MOD_LIME_TEO_MINOR_CIV_TRADE_LARGE_SEAPORT',						'MODIFIER_PLAYER_CITIES_ADJUST_BUILDING_YIELD_CHANGE',		NULL),
			('MOD_LIME_TEO_MINOR_CIV_TRADE_LARGE_CHANCERY',						'MODIFIER_PLAYER_CITIES_ADJUST_BUILDING_YIELD_CHANGE',		NULL);

INSERT INTO ModifierArguments
		(ModifierId,															Name,			Value)
VALUES	('MOD_LIME_TEO_MINOR_CIV_CULTURE_SMALL_CAPITAL_ATTACH',					'ModifierId',	'MOD_LIME_TEO_MINOR_CIV_CULTURE_SMALL_CAPITAL'),		
		('MOD_LIME_TEO_MINOR_CIV_CULTURE_SMALL_AMPHITHEATER_ATTACH',			'ModifierId',	'MOD_LIME_TEO_MINOR_CIV_CULTURE_SMALL_AMPHITHEATER'),	
		('MOD_LIME_TEO_MINOR_CIV_CULTURE_MEDIUM_CONSULATE_ATTACH',				'ModifierId',	'MOD_LIME_TEO_MINOR_CIV_CULTURE_MEDIUM_CONSULATE'),		
		('MOD_LIME_TEO_MINOR_CIV_CULTURE_MEDIUM_ART_MUSEUM_ATTACH',				'ModifierId',	'MOD_LIME_TEO_MINOR_CIV_CULTURE_MEDIUM_ART_MUSEUM'),	
		('MOD_LIME_TEO_MINOR_CIV_CULTURE_MEDIUM_ARCH_MUSEUM_ATTACH',			'ModifierId',	'MOD_LIME_TEO_MINOR_CIV_CULTURE_MEDIUM_ARCH_MUSEUM'),	
		('MOD_LIME_TEO_MINOR_CIV_CULTURE_LARGE_CHANCERY_ATTACH',				'ModifierId',	'MOD_LIME_TEO_MINOR_CIV_CULTURE_LARGE_CHANCERY'),		
		('MOD_LIME_TEO_MINOR_CIV_CULTURE_LARGE_BROADCAST_ATTACH',				'ModifierId',	'MOD_LIME_TEO_MINOR_CIV_CULTURE_LARGE_BROADCAST'),
		
		('MOD_LIME_TEO_MINOR_CIV_INDUSTRIAL_BUILDING_SMALL_CAPITAL_ATTACH',		'ModifierId',	'MOD_LIME_TEO_MINOR_CIV_INDUSTRIAL_BUILDING_SMALL_CAPITAL'),	
		('MOD_LIME_TEO_MINOR_CIV_INDUSTRIAL_DISTRICT_SMALL_CAPITAL_ATTACH',		'ModifierId',	'MOD_LIME_TEO_MINOR_CIV_INDUSTRIAL_DISTRICT_SMALL_CAPITAL'),	
		('MOD_LIME_TEO_MINOR_CIV_INDUSTRIAL_BUILDING_SMALL_WORKSHOP_ATTACH',	'ModifierId',	'MOD_LIME_TEO_MINOR_CIV_INDUSTRIAL_BUILDING_SMALL_WORKSHOP'),	
		('MOD_LIME_TEO_MINOR_CIV_INDUSTRIAL_DISTRICT_SMALL_WORKSHOP_ATTACH',	'ModifierId',	'MOD_LIME_TEO_MINOR_CIV_INDUSTRIAL_DISTRICT_SMALL_WORKSHOP'),	
		('MOD_LIME_TEO_MINOR_CIV_INDUSTRIAL_BUILDING_MEDIUM_FACTORY_ATTACH',	'ModifierId',	'MOD_LIME_TEO_MINOR_CIV_INDUSTRIAL_BUILDING_MEDIUM_FACTORY'),	
		('MOD_LIME_TEO_MINOR_CIV_INDUSTRIAL_DISTRICT_MEDIUM_FACTORY_ATTACH',	'ModifierId',	'MOD_LIME_TEO_MINOR_CIV_INDUSTRIAL_DISTRICT_MEDIUM_FACTORY'),	
		('MOD_LIME_TEO_MINOR_CIV_INDUSTRIAL_BUILDING_MEDIUM_CONSULATE_ATTACH',	'ModifierId',	'MOD_LIME_TEO_MINOR_CIV_INDUSTRIAL_BUILDING_MEDIUM_CONSULATE'),	
		('MOD_LIME_TEO_MINOR_CIV_INDUSTRIAL_DISTRICT_MEDIUM_CONSULATE_ATTACH',	'ModifierId',	'MOD_LIME_TEO_MINOR_CIV_INDUSTRIAL_DISTRICT_MEDIUM_CONSULATE'),	
		('MOD_LIME_TEO_MINOR_CIV_INDUSTRIAL_BUILDING_LARGE_POWER_PLANT_ATTACH',	'ModifierId',	'MOD_LIME_TEO_MINOR_CIV_INDUSTRIAL_BUILDING_LARGE_POWER_PLANT'),
		('MOD_LIME_TEO_MINOR_CIV_INDUSTRIAL_DISTRICT_LARGE_POWER_PLANT_ATTACH',	'ModifierId',	'MOD_LIME_TEO_MINOR_CIV_INDUSTRIAL_DISTRICT_LARGE_POWER_PLANT'),
		('MOD_LIME_TEO_MINOR_CIV_INDUSTRIAL_BUILDING_LARGE_CHANCERY_ATTACH',	'ModifierId',	'MOD_LIME_TEO_MINOR_CIV_INDUSTRIAL_BUILDING_LARGE_CHANCERY'),	
		('MOD_LIME_TEO_MINOR_CIV_INDUSTRIAL_DISTRICT_LARGE_CHANCERY_ATTACH',	'ModifierId',	'MOD_LIME_TEO_MINOR_CIV_INDUSTRIAL_DISTRICT_LARGE_CHANCERY'),	
		
		('MOD_LIME_TEO_MINOR_CIV_MILITARY_SMALL_CAPITAL_ATTACH',				'ModifierId',	'MOD_LIME_TEO_MINOR_CIV_MILITARY_SMALL_CAPITAL'),					
		('MOD_LIME_TEO_MINOR_CIV_MILITARY_SMALL_BARRACKS_STABLES_ATTACH',		'ModifierId',	'MOD_LIME_TEO_MINOR_CIV_MILITARY_SMALL_BARRACKS_STABLES'),			
		('MOD_LIME_TEO_MINOR_CIV_MILITARY_MEDIUM_ARMORY_ATTACH',				'ModifierId',	'MOD_LIME_TEO_MINOR_CIV_MILITARY_MEDIUM_ARMORY'),					
		('MOD_LIME_TEO_MINOR_CIV_MILITARY_MEDIUM_CONSULATE_ATTACH',				'ModifierId',	'MOD_LIME_TEO_MINOR_CIV_MILITARY_MEDIUM_CONSULATE'),				
		('MOD_LIME_TEO_MINOR_CIV_MILITARY_LARGE_ACADEMY_ATTACH',				'ModifierId',	'MOD_LIME_TEO_MINOR_CIV_MILITARY_LARGE_ACADEMY'),					
		('MOD_LIME_TEO_MINOR_CIV_MILITARY_LARGE_CHANCERY_ATTACH',				'ModifierId',	'MOD_LIME_TEO_MINOR_CIV_MILITARY_LARGE_CHANCERY'),					
		
		('MOD_LIME_TEO_MINOR_CIV_FAITH_SMALL_CAPITAL_ATTACH',					'ModifierId',	'MOD_LIME_TEO_MINOR_CIV_FAITH_SMALL_CAPITAL'),	
		('MOD_LIME_TEO_MINOR_CIV_FAITH_SMALL_SHRINE_ATTACH',					'ModifierId',	'MOD_LIME_TEO_MINOR_CIV_FAITH_SMALL_SHRINE'),	
		('MOD_LIME_TEO_MINOR_CIV_FAITH_MEDIUM_TEMPLE_ATTACH',					'ModifierId',	'MOD_LIME_TEO_MINOR_CIV_FAITH_MEDIUM_TEMPLE'),	
		('MOD_LIME_TEO_MINOR_CIV_FAITH_MEDIUM_CONSULATE_ATTACH',				'ModifierId',	'MOD_LIME_TEO_MINOR_CIV_FAITH_MEDIUM_CONSULATE'),
		('MOD_LIME_TEO_MINOR_CIV_FAITH_LARGE_CHANCERY_ATTACH',					'ModifierId',	'MOD_LIME_TEO_MINOR_CIV_FAITH_LARGE_CHANCERY'),	
		('MOD_LIME_TEO_MINOR_CIV_FAITH_LARGE_WORSHIP_ATTACH',					'ModifierId',	'MOD_LIME_TEO_MINOR_CIV_FAITH_LARGE_WORSHIP'),	
				
		('MOD_LIME_TEO_MINOR_CIV_SCIENCE_SMALL_CAPITAL_ATTACH',					'ModifierId',	'MOD_LIME_TEO_MINOR_CIV_SCIENCE_SMALL_CAPITAL'),		
		('MOD_LIME_TEO_MINOR_CIV_SCIENCE_SMALL_LIBRARY_ATTACH',					'ModifierId',	'MOD_LIME_TEO_MINOR_CIV_SCIENCE_SMALL_LIBRARY'),		
		('MOD_LIME_TEO_MINOR_CIV_SCIENCE_MEDIUM_UNIVERSITY_ATTACH',				'ModifierId',	'MOD_LIME_TEO_MINOR_CIV_SCIENCE_MEDIUM_UNIVERSITY'),	
		('MOD_LIME_TEO_MINOR_CIV_SCIENCE_MEDIUM_CONSULATE_ATTACH',				'ModifierId',	'MOD_LIME_TEO_MINOR_CIV_SCIENCE_MEDIUM_CONSULATE'),		
		('MOD_LIME_TEO_MINOR_CIV_SCIENCE_LARGE_RESEARCH_LAB_ATTACH',			'ModifierId',	'MOD_LIME_TEO_MINOR_CIV_SCIENCE_LARGE_RESEARCH_LAB'),	
		('MOD_LIME_TEO_MINOR_CIV_SCIENCE_LARGE_CHANCERY_ATTACH',				'ModifierId',	'MOD_LIME_TEO_MINOR_CIV_SCIENCE_LARGE_CHANCERY'),
		
		('MOD_LIME_TEO_MINOR_CIV_TRADE_SMALL_CAPITAL_ATTACH',					'ModifierId',	'MOD_LIME_TEO_MINOR_CIV_TRADE_SMALL_CAPITAL'),		
		('MOD_LIME_TEO_MINOR_CIV_TRADE_SMALL_MARKET_ATTACH',					'ModifierId',	'MOD_LIME_TEO_MINOR_CIV_TRADE_SMALL_MARKET'),		
		('MOD_LIME_TEO_MINOR_CIV_TRADE_SMALL_LIGHTHOUSE_ATTACH',				'ModifierId',	'MOD_LIME_TEO_MINOR_CIV_TRADE_SMALL_LIGHTHOUSE'),	
		('MOD_LIME_TEO_MINOR_CIV_TRADE_MEDIUM_BANK_ATTACH',						'ModifierId',	'MOD_LIME_TEO_MINOR_CIV_TRADE_MEDIUM_BANK'),		
		('MOD_LIME_TEO_MINOR_CIV_TRADE_MEDIUM_SHIPYARD_ATTACH',					'ModifierId',	'MOD_LIME_TEO_MINOR_CIV_TRADE_MEDIUM_SHIPYARD'),	
		('MOD_LIME_TEO_MINOR_CIV_TRADE_MEDIUM_CONSULATE_ATTACH',				'ModifierId',	'MOD_LIME_TEO_MINOR_CIV_TRADE_MEDIUM_CONSULATE'),	
		('MOD_LIME_TEO_MINOR_CIV_TRADE_LARGE_STONKS_ATTACH',					'ModifierId',	'MOD_LIME_TEO_MINOR_CIV_TRADE_LARGE_STONKS'),		
		('MOD_LIME_TEO_MINOR_CIV_TRADE_LARGE_SEAPORT_ATTACH',					'ModifierId',	'MOD_LIME_TEO_MINOR_CIV_TRADE_LARGE_SEAPORT'),		
		('MOD_LIME_TEO_MINOR_CIV_TRADE_LARGE_CHANCERY_ATTACH',					'ModifierId',	'MOD_LIME_TEO_MINOR_CIV_TRADE_LARGE_CHANCERY'),		
		---------
		('MOD_LIME_TEO_MINOR_CIV_CULTURE_SMALL_CAPITAL',						'YieldType',	'YIELD_CULTURE'),
		('MOD_LIME_TEO_MINOR_CIV_CULTURE_SMALL_CAPITAL',						'Amount',		1),

		('MOD_LIME_TEO_MINOR_CIV_CULTURE_SMALL_AMPHITHEATER',					'YieldType',	'YIELD_CULTURE'),
		('MOD_LIME_TEO_MINOR_CIV_CULTURE_MEDIUM_CONSULATE',						'YieldType',	'YIELD_CULTURE'),
		('MOD_LIME_TEO_MINOR_CIV_CULTURE_MEDIUM_ART_MUSEUM',					'YieldType',	'YIELD_CULTURE'),
		('MOD_LIME_TEO_MINOR_CIV_CULTURE_MEDIUM_ARCH_MUSEUM',					'YieldType',	'YIELD_CULTURE'),
		('MOD_LIME_TEO_MINOR_CIV_CULTURE_LARGE_CHANCERY',						'YieldType',	'YIELD_CULTURE'),
		('MOD_LIME_TEO_MINOR_CIV_CULTURE_LARGE_BROADCAST',						'YieldType',	'YIELD_CULTURE'),

		('MOD_LIME_TEO_MINOR_CIV_CULTURE_SMALL_AMPHITHEATER',					'Amount',		1),
		('MOD_LIME_TEO_MINOR_CIV_CULTURE_MEDIUM_CONSULATE',						'Amount',		2),
		('MOD_LIME_TEO_MINOR_CIV_CULTURE_MEDIUM_ART_MUSEUM',					'Amount',		2),
		('MOD_LIME_TEO_MINOR_CIV_CULTURE_MEDIUM_ARCH_MUSEUM',					'Amount',		2),
		('MOD_LIME_TEO_MINOR_CIV_CULTURE_LARGE_CHANCERY',						'Amount',		3),
		('MOD_LIME_TEO_MINOR_CIV_CULTURE_LARGE_BROADCAST',						'Amount',		3),

		('MOD_LIME_TEO_MINOR_CIV_CULTURE_SMALL_AMPHITHEATER',					'CityStatesOnly',	1),
		('MOD_LIME_TEO_MINOR_CIV_CULTURE_MEDIUM_CONSULATE',						'CityStatesOnly',	1),
		('MOD_LIME_TEO_MINOR_CIV_CULTURE_MEDIUM_ART_MUSEUM',					'CityStatesOnly',	1),
		('MOD_LIME_TEO_MINOR_CIV_CULTURE_MEDIUM_ARCH_MUSEUM',					'CityStatesOnly',	1),
		('MOD_LIME_TEO_MINOR_CIV_CULTURE_LARGE_CHANCERY',						'CityStatesOnly',	1),
		('MOD_LIME_TEO_MINOR_CIV_CULTURE_LARGE_BROADCAST',						'CityStatesOnly',	1),

		('MOD_LIME_TEO_MINOR_CIV_CULTURE_SMALL_AMPHITHEATER',					'BuildingType',	'BUILDING_AMPHITHEATER'),
		('MOD_LIME_TEO_MINOR_CIV_CULTURE_MEDIUM_CONSULATE',						'BuildingType',	'BUILDING_CONSULATE'),
		('MOD_LIME_TEO_MINOR_CIV_CULTURE_MEDIUM_ART_MUSEUM',					'BuildingType',	'BUILDING_MUSEUM_ART'),
		('MOD_LIME_TEO_MINOR_CIV_CULTURE_MEDIUM_ARCH_MUSEUM',					'BuildingType',	'BUILDING_MUSEUM_ARTIFACT'),
		('MOD_LIME_TEO_MINOR_CIV_CULTURE_LARGE_CHANCERY',						'BuildingType',	'BUILDING_CHANCERY'),
		('MOD_LIME_TEO_MINOR_CIV_CULTURE_LARGE_BROADCAST',						'BuildingType',	'BUILDING_BROADCAST_CENTER'),
		-------------
		('MOD_LIME_TEO_MINOR_CIV_INDUSTRIAL_BUILDING_SMALL_CAPITAL',			'Amount',		1),
		('MOD_LIME_TEO_MINOR_CIV_INDUSTRIAL_DISTRICT_SMALL_CAPITAL',			'Amount',		1),
		('MOD_LIME_TEO_MINOR_CIV_INDUSTRIAL_BUILDING_SMALL_WORKSHOP',			'Amount',		1),
		('MOD_LIME_TEO_MINOR_CIV_INDUSTRIAL_DISTRICT_SMALL_WORKSHOP',			'Amount',		1),
		('MOD_LIME_TEO_MINOR_CIV_INDUSTRIAL_BUILDING_MEDIUM_FACTORY',			'Amount',		2),
		('MOD_LIME_TEO_MINOR_CIV_INDUSTRIAL_DISTRICT_MEDIUM_FACTORY',			'Amount',		2),
		('MOD_LIME_TEO_MINOR_CIV_INDUSTRIAL_BUILDING_MEDIUM_CONSULATE',			'Amount',		2),
		('MOD_LIME_TEO_MINOR_CIV_INDUSTRIAL_DISTRICT_MEDIUM_CONSULATE',			'Amount',		2),
		('MOD_LIME_TEO_MINOR_CIV_INDUSTRIAL_BUILDING_LARGE_POWER_PLANT',		'Amount',		3),
		('MOD_LIME_TEO_MINOR_CIV_INDUSTRIAL_DISTRICT_LARGE_POWER_PLANT',		'Amount',		3),
		('MOD_LIME_TEO_MINOR_CIV_INDUSTRIAL_BUILDING_LARGE_CHANCERY',			'Amount',		3),
		('MOD_LIME_TEO_MINOR_CIV_INDUSTRIAL_DISTRICT_LARGE_CHANCERY',			'Amount',		3),
		-------------------
		('MOD_LIME_TEO_MINOR_CIV_MILITARY_SMALL_CAPITAL',						'Amount',		1),
		('MOD_LIME_TEO_MINOR_CIV_MILITARY_SMALL_BARRACKS_STABLES',				'Amount',		1),
		('MOD_LIME_TEO_MINOR_CIV_MILITARY_MEDIUM_ARMORY',						'Amount',		2),
		('MOD_LIME_TEO_MINOR_CIV_MILITARY_MEDIUM_CONSULATE',					'Amount',		2),
		('MOD_LIME_TEO_MINOR_CIV_MILITARY_LARGE_ACADEMY',						'Amount',		3),
		('MOD_LIME_TEO_MINOR_CIV_MILITARY_LARGE_CHANCERY',						'Amount',		3),
		-----------
		('MOD_LIME_TEO_MINOR_CIV_FAITH_SMALL_CAPITAL',							'YieldType',	'YIELD_FAITH'),
		('MOD_LIME_TEO_MINOR_CIV_FAITH_SMALL_CAPITAL',							'Amount',		1),
		
		('MOD_LIME_TEO_MINOR_CIV_FAITH_SMALL_SHRINE',							'YieldType',	'YIELD_FAITH'),
		('MOD_LIME_TEO_MINOR_CIV_FAITH_MEDIUM_TEMPLE',							'YieldType',	'YIELD_FAITH'),
		('MOD_LIME_TEO_MINOR_CIV_FAITH_MEDIUM_CONSULATE',						'YieldType',	'YIELD_FAITH'),
		('MOD_LIME_TEO_MINOR_CIV_FAITH_LARGE_CHANCERY',							'YieldType',	'YIELD_FAITH'),
		
		('MOD_LIME_TEO_MINOR_CIV_FAITH_SMALL_SHRINE',							'Amount',		1),
		('MOD_LIME_TEO_MINOR_CIV_FAITH_MEDIUM_TEMPLE',							'Amount',		2),
		('MOD_LIME_TEO_MINOR_CIV_FAITH_MEDIUM_CONSULATE',						'Amount',		2),
		('MOD_LIME_TEO_MINOR_CIV_FAITH_LARGE_CHANCERY',							'Amount',		3),
																				
		('MOD_LIME_TEO_MINOR_CIV_FAITH_SMALL_SHRINE',							'CityStatesOnly',	1),
		('MOD_LIME_TEO_MINOR_CIV_FAITH_MEDIUM_TEMPLE',							'CityStatesOnly',	1),
		('MOD_LIME_TEO_MINOR_CIV_FAITH_MEDIUM_CONSULATE',						'CityStatesOnly',	1),
		('MOD_LIME_TEO_MINOR_CIV_FAITH_LARGE_CHANCERY',							'CityStatesOnly',	1),
		
		('MOD_LIME_TEO_MINOR_CIV_FAITH_SMALL_SHRINE',							'BuildingType',	'BUILDING_SHRINE'),
		('MOD_LIME_TEO_MINOR_CIV_FAITH_MEDIUM_TEMPLE',							'BuildingType',	'BUILDING_TEMPLE'),
		('MOD_LIME_TEO_MINOR_CIV_FAITH_MEDIUM_CONSULATE',						'BuildingType',	'BUILDING_CONSULATE'),
		('MOD_LIME_TEO_MINOR_CIV_FAITH_LARGE_CHANCERY',							'BuildingType',	'BUILDING_CHANCERY'),
							
		('MOD_LIME_TEO_MINOR_CIV_FAITH_LARGE_WORSHIP',							'YieldType',	'YIELD_FAITH'),
		('MOD_LIME_TEO_MINOR_CIV_FAITH_LARGE_WORSHIP',							'Amount',		3),
		-------
		('MOD_LIME_TEO_MINOR_CIV_SCIENCE_SMALL_CAPITAL',						'YieldType',	'YIELD_SCIENCE'),
		('MOD_LIME_TEO_MINOR_CIV_SCIENCE_SMALL_CAPITAL',						'Amount',		1),

		('MOD_LIME_TEO_MINOR_CIV_SCIENCE_SMALL_LIBRARY',						'YieldType',	'YIELD_SCIENCE'),
		('MOD_LIME_TEO_MINOR_CIV_SCIENCE_MEDIUM_UNIVERSITY',					'YieldType',	'YIELD_SCIENCE'),
		('MOD_LIME_TEO_MINOR_CIV_SCIENCE_MEDIUM_CONSULATE',						'YieldType',	'YIELD_SCIENCE'),
		('MOD_LIME_TEO_MINOR_CIV_SCIENCE_LARGE_RESEARCH_LAB',					'YieldType',	'YIELD_SCIENCE'),
		('MOD_LIME_TEO_MINOR_CIV_SCIENCE_LARGE_CHANCERY',						'YieldType',	'YIELD_SCIENCE'),

		('MOD_LIME_TEO_MINOR_CIV_SCIENCE_SMALL_LIBRARY',						'Amount',		1),
		('MOD_LIME_TEO_MINOR_CIV_SCIENCE_MEDIUM_UNIVERSITY',					'Amount',		2),
		('MOD_LIME_TEO_MINOR_CIV_SCIENCE_MEDIUM_CONSULATE',						'Amount',		2),
		('MOD_LIME_TEO_MINOR_CIV_SCIENCE_LARGE_RESEARCH_LAB',					'Amount',		3),
		('MOD_LIME_TEO_MINOR_CIV_SCIENCE_LARGE_CHANCERY',						'Amount',		3),

		('MOD_LIME_TEO_MINOR_CIV_SCIENCE_SMALL_LIBRARY',						'CityStatesOnly',	1),
		('MOD_LIME_TEO_MINOR_CIV_SCIENCE_MEDIUM_UNIVERSITY',					'CityStatesOnly',	1),
		('MOD_LIME_TEO_MINOR_CIV_SCIENCE_MEDIUM_CONSULATE',						'CityStatesOnly',	1),
		('MOD_LIME_TEO_MINOR_CIV_SCIENCE_LARGE_RESEARCH_LAB',					'CityStatesOnly',	1),
		('MOD_LIME_TEO_MINOR_CIV_SCIENCE_LARGE_CHANCERY',						'CityStatesOnly',	1),

		('MOD_LIME_TEO_MINOR_CIV_SCIENCE_SMALL_LIBRARY',						'BuildingType',	'BUILDING_LIBRARY'),
		('MOD_LIME_TEO_MINOR_CIV_SCIENCE_MEDIUM_UNIVERSITY',					'BuildingType',	'BUILDING_UNIVERSITY'),
		('MOD_LIME_TEO_MINOR_CIV_SCIENCE_MEDIUM_CONSULATE',						'BuildingType',	'BUILDING_CONSULATE'),
		('MOD_LIME_TEO_MINOR_CIV_SCIENCE_LARGE_RESEARCH_LAB',					'BuildingType',	'BUILDING_RESEARCH_LAB'),
		('MOD_LIME_TEO_MINOR_CIV_SCIENCE_LARGE_CHANCERY',						'BuildingType',	'BUILDING_CHANCERY'),
		---------------
		('MOD_LIME_TEO_MINOR_CIV_TRADE_SMALL_CAPITAL',							'YieldType',	'YIELD_GOLD'),
		('MOD_LIME_TEO_MINOR_CIV_TRADE_SMALL_CAPITAL',							'Amount',		2),

		('MOD_LIME_TEO_MINOR_CIV_TRADE_SMALL_MARKET',							'YieldType',	'YIELD_GOLD'),
		('MOD_LIME_TEO_MINOR_CIV_TRADE_SMALL_LIGHTHOUSE',						'YieldType',	'YIELD_GOLD'),
		('MOD_LIME_TEO_MINOR_CIV_TRADE_MEDIUM_BANK',							'YieldType',	'YIELD_GOLD'),
		('MOD_LIME_TEO_MINOR_CIV_TRADE_MEDIUM_SHIPYARD',						'YieldType',	'YIELD_GOLD'),
		('MOD_LIME_TEO_MINOR_CIV_TRADE_MEDIUM_CONSULATE',						'YieldType',	'YIELD_GOLD'),
		('MOD_LIME_TEO_MINOR_CIV_TRADE_LARGE_STONKS',							'YieldType',	'YIELD_GOLD'),
		('MOD_LIME_TEO_MINOR_CIV_TRADE_LARGE_SEAPORT',							'YieldType',	'YIELD_GOLD'),
		('MOD_LIME_TEO_MINOR_CIV_TRADE_LARGE_CHANCERY',							'YieldType',	'YIELD_GOLD'),

		('MOD_LIME_TEO_MINOR_CIV_TRADE_SMALL_MARKET',							'Amount',		2),
		('MOD_LIME_TEO_MINOR_CIV_TRADE_SMALL_LIGHTHOUSE',						'Amount',		2),
		('MOD_LIME_TEO_MINOR_CIV_TRADE_MEDIUM_BANK',							'Amount',		4),
		('MOD_LIME_TEO_MINOR_CIV_TRADE_MEDIUM_SHIPYARD',						'Amount',		4),
		('MOD_LIME_TEO_MINOR_CIV_TRADE_MEDIUM_CONSULATE',						'Amount',		4),
		('MOD_LIME_TEO_MINOR_CIV_TRADE_LARGE_STONKS',							'Amount',		6),
		('MOD_LIME_TEO_MINOR_CIV_TRADE_LARGE_SEAPORT',							'Amount',		6),
		('MOD_LIME_TEO_MINOR_CIV_TRADE_LARGE_CHANCERY',							'Amount',		6),

		('MOD_LIME_TEO_MINOR_CIV_TRADE_SMALL_MARKET',							'CityStatesOnly',	1),
		('MOD_LIME_TEO_MINOR_CIV_TRADE_SMALL_LIGHTHOUSE',						'CityStatesOnly',	1),
		('MOD_LIME_TEO_MINOR_CIV_TRADE_MEDIUM_BANK',							'CityStatesOnly',	1),
		('MOD_LIME_TEO_MINOR_CIV_TRADE_MEDIUM_SHIPYARD',						'CityStatesOnly',	1),
		('MOD_LIME_TEO_MINOR_CIV_TRADE_MEDIUM_CONSULATE',						'CityStatesOnly',	1),
		('MOD_LIME_TEO_MINOR_CIV_TRADE_LARGE_STONKS',							'CityStatesOnly',	1),
		('MOD_LIME_TEO_MINOR_CIV_TRADE_LARGE_SEAPORT',							'CityStatesOnly',	1),
		('MOD_LIME_TEO_MINOR_CIV_TRADE_LARGE_CHANCERY',							'CityStatesOnly',	1),

		('MOD_LIME_TEO_MINOR_CIV_TRADE_SMALL_MARKET',							'BuildingType',	'BUILDING_MARKET'),
		('MOD_LIME_TEO_MINOR_CIV_TRADE_SMALL_LIGHTHOUSE',						'BuildingType',	'BUILDING_LIGHTHOUSE'),
		('MOD_LIME_TEO_MINOR_CIV_TRADE_MEDIUM_BANK',							'BuildingType',	'BUILDING_BANK'),
		('MOD_LIME_TEO_MINOR_CIV_TRADE_MEDIUM_SHIPYARD',						'BuildingType',	'BUILDING_SHIPYARD'),
		('MOD_LIME_TEO_MINOR_CIV_TRADE_MEDIUM_CONSULATE',						'BuildingType',	'BUILDING_CONSULATE'),
		('MOD_LIME_TEO_MINOR_CIV_TRADE_LARGE_STONKS',							'BuildingType',	'BUILDING_STOCK_EXCHANGE'),
		('MOD_LIME_TEO_MINOR_CIV_TRADE_LARGE_SEAPORT',							'BuildingType',	'BUILDING_SEAPORT'),
		('MOD_LIME_TEO_MINOR_CIV_TRADE_LARGE_CHANCERY',							'BuildingType',	'BUILDING_CHANCERY');

INSERT INTO RequirementSets
		(RequirementSetId,								RequirementSetType)
VALUES	('REQSET_LIME_TEO_HAS_SMALL_INFLUENCE',			'REQUIREMENTSET_TEST_ALL'),
		('REQSET_LIME_TEO_HAS_MEDIUM_INFLUENCE',		'REQUIREMENTSET_TEST_ALL'),
		('REQSET_LIME_TEO_HAS_LARGE_INFLUENCE',			'REQUIREMENTSET_TEST_ALL'),
		('REQSET_LIME_TEO_PLAYER_IS_TEOTIHUACANO',		'REQUIREMENTSET_TEST_ANY');

INSERT INTO RequirementSetRequirements
		(RequirementSetId,								RequirementId)
VALUES	('REQSET_LIME_TEO_HAS_SMALL_INFLUENCE',			'REQUIRES_PLAYER_HAS_SMALL_INFLUENCE'),
		('REQSET_LIME_TEO_HAS_SMALL_INFLUENCE',			'REQUIRES_PLAYER_AT_PEACE'),
		('REQSET_LIME_TEO_HAS_SMALL_INFLUENCE',			'REQ_LIME_TEO_PLAYER_IS_TEOTIHUACANO'),
		('REQSET_LIME_TEO_HAS_SMALL_INFLUENCE',			'REQUIRES_PLAYER_FOUNDED_OUR_RELIGION'),
		('REQSET_LIME_TEO_HAS_MEDIUM_INFLUENCE',		'REQUIRES_PLAYER_HAS_MEDIUM_INFLUENCE'),
		('REQSET_LIME_TEO_HAS_MEDIUM_INFLUENCE',		'REQUIRES_PLAYER_AT_PEACE'),
		('REQSET_LIME_TEO_HAS_MEDIUM_INFLUENCE',		'REQ_LIME_TEO_PLAYER_IS_TEOTIHUACANO'),
		('REQSET_LIME_TEO_HAS_MEDIUM_INFLUENCE',		'REQUIRES_PLAYER_FOUNDED_OUR_RELIGION'),
		('REQSET_LIME_TEO_HAS_LARGE_INFLUENCE',			'REQUIRES_PLAYER_HAS_LARGE_INFLUENCE'),
		('REQSET_LIME_TEO_HAS_LARGE_INFLUENCE',			'REQUIRES_PLAYER_AT_PEACE'),
		('REQSET_LIME_TEO_HAS_LARGE_INFLUENCE',			'REQ_LIME_TEO_PLAYER_IS_TEOTIHUACANO'),
		('REQSET_LIME_TEO_HAS_LARGE_INFLUENCE',			'REQUIRES_PLAYER_FOUNDED_OUR_RELIGION');

INSERT INTO Requirements
		(RequirementId,									RequirementType)
VALUES	('REQ_LIME_TEO_PLAYER_IS_TEOTIHUACANO',			'REQUIREMENT_REQUIREMENTSET_IS_MET');

INSERT INTO RequirementArguments
		(RequirementId,									Name,				Value)
VALUES	('REQ_LIME_TEO_PLAYER_IS_TEOTIHUACANO',			'RequirementSetId',	'REQSET_LIME_TEO_PLAYER_IS_TEOTIHUACANO');

INSERT INTO RequirementSetRequirements
		(RequirementSetId,								RequirementId)
SELECT	'REQSET_LIME_TEO_PLAYER_IS_TEOTIHUACANO',		'REQ_LIME_TEO_PLAYER_IS_'||LeaderType
FROM CivilizationLeaders 
	WHERE CivilizationType = 'CIVILIZATION_LIME_TEOTIHUACAN';

INSERT INTO Requirements
		(RequirementId,									RequirementType)
SELECT	'REQ_LIME_TEO_PLAYER_IS_'||LeaderType,			'REQUIREMENT_PLAYER_LEADER_TYPE_MATCHES'
FROM CivilizationLeaders
	WHERE CivilizationType = 'CIVILIZATION_LIME_TEOTIHUACAN';

INSERT INTO RequirementArguments
		(RequirementId,									Name,			Value)
SELECT	'REQ_LIME_TEO_PLAYER_IS_'||LeaderType,			'LeaderType',	LeaderType
FROM CivilizationLeaders
	WHERE CivilizationType = 'CIVILIZATION_LIME_TEOTIHUACAN';

--==============================================================================
-- UNIQUE UNIT - Ehuatl
--==============================================================================
--		Replaces the Swordsmen. Unlocked at Early Empire. Does not require iron.
--		When at least one is within 3 tiles of a city-state, envoys sent to that 
--		city state are doubled.
--==============================================================================
INSERT INTO Units
		(UnitType,						Name,									Description,							Domain,	FormationClass,	PromotionClass,	BaseSightRange,	BaseMoves,	Combat,	RangedCombat,	Range,	ZoneOfControl,	Maintenance,	PurchaseYield,	MustPurchase,	StrategicResource,	Cost,		CostProgressionModel,	CostProgressionParam1,	TraitType,										PrereqTech,		PrereqCivic,			PseudoYieldType,	MandatoryObsoleteTech,	AdvisorType)
SELECT	'UNIT_LIME_TEO_OWL_WARRIOR',	'LOC_UNIT_LIME_TEO_OWL_WARRIOR_NAME',	'LOC_UNIT_LIME_TEO_OWL_WARRIOR_DESC',	Domain,	FormationClass,	PromotionClass,	BaseSightRange,	BaseMoves,	Combat,	0,				0,		ZoneOfControl,	Maintenance+1,	'YIELD_FAITH',	MustPurchase,	NULL,				Cost+15,	CostProgressionModel,	CostProgressionParam1,	'TRAIT_CIVILIZATION_UNIT_LIME_TEO_OWL_WARRIOR',	NULL,			'CIVIC_EARLY_EMPIRE',	PseudoYieldType,	MandatoryObsoleteTech,	AdvisorType
FROM Units
	WHERE UnitType = 'UNIT_SWORDSMAN';

INSERT INTO Units_XP2
		(UnitType,						ResourceMaintenanceAmount,	ResourceCost,	ResourceMaintenanceType,	TourismBomb,	CanEarnExperience,	TourismBombPossible,	CanFormMilitaryFormation,	MajorCivOnly)
SELECT	'UNIT_LIME_TEO_OWL_WARRIOR',	ResourceMaintenanceAmount,	0,				ResourceMaintenanceType,	TourismBomb,	CanEarnExperience,	TourismBombPossible,	CanFormMilitaryFormation,	MajorCivOnly
FROM Units_XP2
	WHERE UnitType = 'UNIT_SPEARMAN';

INSERT INTO UnitReplaces
		(CivUniqueUnitType,								ReplacesUnitType)
VALUES	('UNIT_LIME_TEO_OWL_WARRIOR',					'UNIT_SWORDSMAN');

INSERT INTO Tags
		(Tag,											Vocabulary)
VALUES	('CLASS_TEO_OWL_WARRIOR',						'ABILITY_CLASS');

INSERT INTO TypeTags
		(Type,											Tag)
VALUES	('UNIT_LIME_TEO_OWL_WARRIOR',					'CLASS_MELEE'),
		('UNIT_LIME_TEO_OWL_WARRIOR',					'CLASS_TEO_OWL_WARRIOR');

INSERT INTO UnitUpgrades
		(Unit,							UpgradeUnit)
SELECT	'UNIT_LIME_TEO_OWL_WARRIOR',	UpgradeUnit
FROM UnitUpgrades
	WHERE Unit = 'UNIT_SWORDSMAN';

INSERT INTO MomentIllustrations
		(MomentIllustrationType,			MomentDataType,		GameDataType,					Texture)
VALUES	('MOMENT_ILLUSTRATION_UNIQUE_UNIT',	'MOMENT_DATA_UNIT',	'UNIT_LIME_TEO_OWL_WARRIOR',	'Moment_LimeTeo_OwlWarrior.dds');

--==============================================================================
-- UNIQUE DISTRICT - MERCHANTS' ENCLAVE
--==============================================================================
--		Replaces the Diplomatic Quarter. Unlocked at State Workforce. Provides 
--		+1 Trade Route slot, with an additonal +1 per adjacent District, and +2
--		per adjacent wonder. Grants a major adjacency bonus to adjacent 
--		specialty districts. Generates +1 Great Prophet Points.
--
--==============================================================================
INSERT INTO Districts
		(DistrictType,								Name,										Description,							Coast,	PrereqCivic,				Cost,	RequiresPopulation,	RequiresPlacement,	NoAdjacentCity,	ZOC,	FreeEmbark,	HitPoints,	CaptureRemovesBuildings,	Aqueduct,	CaptureRemovesCityDefenses,	PlunderType,		PlunderAmount,	TradeEmbark,	MilitaryDomain,	CostProgressionModel,						CostProgressionParam1,		TraitType,										Appeal,	Housing,	Entertainment,	OnePerCity,	AllowsHolyCity,	Maintenance,	AirSlots,	TravelTime,	CityStrengthModifier,	AdvisorType,		CaptureRemovesDistrict,	AdjacentToLand,	CanAttack,	CitizenSlots, MaxPerPlayer, InternalOnly)
VALUES	('DISTRICT_LIME_TEO_TOLLAN',				'LOC_DISTRICT_LIME_TEO_TOLLAN_NAME',		'LOC_DISTRICT_LIME_TEO_TOLLAN_DESC',	0,		'CIVIC_STATE_WORKFORCE',	30,		1,					1,					0,				0,		0,			0,			0,							0,			0,							'PLUNDER_FAITH',	200,			0,				'NO_DOMAIN',	'COST_PROGRESSION_NUM_UNDER_AVG_PLUS_TECH',	25,							'TRAIT_CIVILIZATION_DISTRICT_LIME_TEO_TOLLAN',	1,		0,			0,				1,			0,				1,				0,			-1,			2,						'ADVISOR_GENERIC',	1,						0,				0,			0,			 1.0,			0);

INSERT INTO DistrictReplaces
		(CivUniqueDistrictType,						ReplacesDistrictType)
VALUES	('DISTRICT_LIME_TEO_TOLLAN',				'DISTRICT_DIPLOMATIC_QUARTER');

INSERT INTO MomentIllustrations
		(MomentIllustrationType,					MomentDataType,			GameDataType,					Texture)
VALUES	('MOMENT_ILLUSTRATION_UNIQUE_DISTRICT',		'MOMENT_DATA_DISTRICT',	'DISTRICT_LIME_TEO_TOLLAN',		'Moment_LimeTeo_Tollan.dds');

INSERT INTO District_Adjacencies
		(DistrictType,								YieldChangeId)
VALUES	('DISTRICT_CAMPUS',							'TeotihuacanTollan_BonusScience'),
		('DISTRICT_HOLY_SITE',						'TeotihuacanTollan_BonusFaith'),
		('DISTRICT_COMMERCIAL_HUB',					'TeotihuacanTollan_BonusGold'),
		('DISTRICT_HARBOR',							'TeotihuacanTollan_BonusGold'),
		('DISTRICT_THEATER',						'TeotihuacanTollan_BonusCulture'),
		('DISTRICT_INDUSTRIAL_ZONE',				'TeotihuacanTollan_BonusProduction');

INSERT INTO Adjacency_YieldChanges
		(ID,										Description,						YieldType,			YieldChange,	TilesRequired,	OtherDistrictAdjacent,	AdjacentSeaResource,	AdjacentTerrain,	AdjacentFeature,	AdjacentRiver,	AdjacentWonder,	AdjacentNaturalWonder,	AdjacentImprovement,	AdjacentDistrict,				PrereqCivic,	PrereqTech,	ObsoleteCivic,	ObsoleteTech,	AdjacentResource,	AdjacentResourceClass,	Self)
VALUES	('TeotihuacanTollan_BonusScience',			'LOC_DISTRICT_TOLLAN_SCIENCE_1',	'YIELD_SCIENCE',	2,				1,				0,						0,						NULL,				NULL,				0,				0,				0,						NULL,					'DISTRICT_LIME_TEO_TOLLAN',		NULL,			NULL,		NULL,			NULL,			0,					'NO_RESOURCECLASS',		0),
		('TeotihuacanTollan_BonusFaith',			'LOC_DISTRICT_TOLLAN_FAITH_1',		'YIELD_FAITH',		2,				1,				0,						0,						NULL,				NULL,				0,				0,				0,						NULL,					'DISTRICT_LIME_TEO_TOLLAN',		NULL,			NULL,		NULL,			NULL,			0,					'NO_RESOURCECLASS',		0),
		('TeotihuacanTollan_BonusGold',				'LOC_DISTRICT_TOLLAN_GOLD_1',		'YIELD_GOLD',		2,				1,				0,						0,						NULL,				NULL,				0,				0,				0,						NULL,					'DISTRICT_LIME_TEO_TOLLAN',		NULL,			NULL,		NULL,			NULL,			0,					'NO_RESOURCECLASS',		0),
		('TeotihuacanTollan_BonusCulture',			'LOC_DISTRICT_TOLLAN_CULTURE_1',	'YIELD_CULTURE',	2,				1,				0,						0,						NULL,				NULL,				0,				0,				0,						NULL,					'DISTRICT_LIME_TEO_TOLLAN',		NULL,			NULL,		NULL,			NULL,			0,					'NO_RESOURCECLASS',		0),
		('TeotihuacanTollan_BonusProduction',		'LOC_DISTRICT_TOLLAN_PRODUCTION_1',	'YIELD_PRODUCTION',	2,				1,				0,						0,						NULL,				NULL,				0,				0,				0,						NULL,					'DISTRICT_LIME_TEO_TOLLAN',		NULL,			NULL,		NULL,			NULL,			0,					'NO_RESOURCECLASS',		0);

INSERT INTO District_GreatPersonPoints
		(DistrictType,								GreatPersonClassType,					PointsPerTurn)
VALUES	('DISTRICT_LIME_TEO_TOLLAN',				'GREAT_PERSON_CLASS_PROPHET',			1);

INSERT INTO DistrictModifiers
		(DistrictType,								ModifierId)
VALUES	('DISTRICT_LIME_TEO_TOLLAN',				'MOD_LIME_TOLLAN_ATTACH_TRADE_ROUTE');

INSERT INTO DistrictModifiers
		(DistrictType,								ModifierId)
SELECT	'DISTRICT_LIME_TEO_TOLLAN',					ModifierId
FROM DistrictModifiers
	WHERE DistrictType = 'DISTRICT_DIPLOMATIC_QUARTER';

INSERT INTO DistrictModifiers
		(DistrictType,								ModifierId)
SELECT	DistrictType,								'MOD_LIME_TOLLAN_ATTACH_DISTRICT_ROUTE'
FROM Districts WHERE DistrictType != 'DISTRICT_WONDER';

INSERT INTO BuildingModifiers
		(BuildingType,								ModifierId)
SELECT	BuildingType,								'MOD_LIME_TOLLAN_ATTACH_WONDER_ROUTE'
FROM Buildings WHERE IsWonder = 1;

INSERT INTO Modifiers
		(ModifierId,								ModifierType,									SubjectRequirementSetId)
VALUES	('MOD_LIME_TOLLAN_ATTACH_TRADE_ROUTE',		'MODIFIER_PLAYER_ADJUST_TRADE_ROUTE_CAPACITY',	NULL),
		('MOD_LIME_TOLLAN_ATTACH_DISTRICT_ROUTE',	'MODIFIER_PLAYER_ADJUST_TRADE_ROUTE_CAPACITY',	'REQSET_LIME_TEO_TOLLAN_ADJACENT'),
		('MOD_LIME_TOLLAN_ATTACH_WONDER_ROUTE',		'MODIFIER_PLAYER_ADJUST_TRADE_ROUTE_CAPACITY',	'REQSET_LIME_TEO_TOLLAN_ADJACENT');

INSERT INTO ModifierArguments
		(ModifierId,								Name,			Value)
VALUES	('MOD_LIME_TOLLAN_ATTACH_TRADE_ROUTE',		'Amount',		1),
		('MOD_LIME_TOLLAN_ATTACH_DISTRICT_ROUTE',	'Amount',		1),
		('MOD_LIME_TOLLAN_ATTACH_WONDER_ROUTE',		'Amount',		2);

INSERT INTO RequirementSets
		(RequirementSetId,							RequirementSetType)
VALUES	('REQSET_LIME_TEO_TOLLAN_ADJACENT',			'REQUIREMENTSET_TEST_ALL');

INSERT INTO RequirementSetRequirements
		(RequirementSetId,							RequirementId)
VALUES	('REQSET_LIME_TEO_TOLLAN_ADJACENT',			'REQ_LIME_TEO_TOLLAN_ADJACENT');

INSERT INTO Requirements
		(RequirementId,								RequirementType)
VALUES	('REQ_LIME_TEO_TOLLAN_ADJACENT',			'REQUIREMENT_PLOT_ADJACENT_DISTRICT_TYPE_MATCHES');

INSERT INTO RequirementArguments
		(RequirementId,								Name,			Value)
VALUES	('REQ_LIME_TEO_TOLLAN_ADJACENT',			'DistrictType',	'DISTRICT_LIME_TEO_TOLLAN');

-----------------------------------------------
-- RwF | Schema
-----------------------------------------------
CREATE TABLE IF NOT EXISTS 
	Civilization_StartingGovernment (
	CivilizationType  				text 		 		default null,
	GovernmentType					text 				default null,
	LeaderType						text				default null);	
-----------------------------------------------
-- RwF | Civilization_StartingGovernment
-----------------------------------------------

INSERT INTO	Civilization_StartingGovernment
		(CivilizationType,				GovernmentType			)
VALUES	('CIVILIZATION_LIME_TEOTIHUACAN',	'GOVERNMENT_JFD_POLIS'	);