--=============================================================================================================
-- PROJECTS
--=============================================================================================================
-- Types
-------------------------------------------------------
INSERT INTO Types
		(Type,													Kind)
VALUES	('PROJECT_CREATE_CORPORATION_PRODUCT_P0K_PENGUINS',		'KIND_PROJECT'),
		('PROJECT_CREATE_CORPORATION_PRODUCT_CVS_POMEGRANATES',	'KIND_PROJECT'),
		('PROJECT_CREATE_CORPORATION_PRODUCT_P0K_PAPYRUS',		'KIND_PROJECT'),
		('PROJECT_CREATE_CORPORATION_PRODUCT_P0K_MAPLE',		'KIND_PROJECT'),
		('PROJECT_CREATE_CORPORATION_PRODUCT_P0K_OPAL',			'KIND_PROJECT'),
		('PROJECT_CREATE_CORPORATION_PRODUCT_P0K_PLUMS',		'KIND_PROJECT');
-------------------------------------------------------
-- Projects
-------------------------------------------------------	
INSERT INTO Projects
		(	ProjectType,
			Name,
			ShortName,
			Description,
			Cost,
			AdvisorType
		)
		-- Penguins
VALUES	(	'PROJECT_CREATE_CORPORATION_PRODUCT_P0K_PENGUINS',
			'LOC_PROJECT_CREATE_CORPORATION_PRODUCT_P0K_PENGUINS_NAME',
			'LOC_PROJECT_CREATE_CORPORATION_PRODUCT_P0K_PENGUINS_SHORT_NAME',
			'LOC_PROJECT_CREATE_CORPORATION_PRODUCT_P0K_PENGUINS_DESCRIPTION',
			500,
			'ADVISOR_GENERIC'),
		-- Pomegranates
		(	'PROJECT_CREATE_CORPORATION_PRODUCT_CVS_POMEGRANATES',
			'LOC_PROJECT_CREATE_CORPORATION_PRODUCT_CVS_POMEGRANATES_NAME',
			'LOC_PROJECT_CREATE_CORPORATION_PRODUCT_CVS_POMEGRANATES_SHORT_NAME',
			'LOC_PROJECT_CREATE_CORPORATION_PRODUCT_CVS_POMEGRANATES_DESCRIPTION',
			500,
			'ADVISOR_GENERIC'),
		-- Papyrus
		(	'PROJECT_CREATE_CORPORATION_PRODUCT_P0K_PAPYRUS',
			'LOC_PROJECT_CREATE_CORPORATION_PRODUCT_P0K_PAPYRUS_NAME',
			'LOC_PROJECT_CREATE_CORPORATION_PRODUCT_P0K_PAPYRUS_SHORT_NAME',
			'LOC_PROJECT_CREATE_CORPORATION_PRODUCT_P0K_PAPYRUS_DESCRIPTION',
			500,
			'ADVISOR_GENERIC'),
		-- Maple
		(	'PROJECT_CREATE_CORPORATION_PRODUCT_P0K_MAPLE',
			'LOC_PROJECT_CREATE_CORPORATION_PRODUCT_P0K_MAPLE_NAME',
			'LOC_PROJECT_CREATE_CORPORATION_PRODUCT_P0K_MAPLE_SHORT_NAME',
			'LOC_PROJECT_CREATE_CORPORATION_PRODUCT_P0K_MAPLE_DESCRIPTION',
			500,
			'ADVISOR_GENERIC'),
		-- Opal
		(	'PROJECT_CREATE_CORPORATION_PRODUCT_P0K_OPAL',
			'LOC_PROJECT_CREATE_CORPORATION_PRODUCT_P0K_OPAL_NAME',
			'LOC_PROJECT_CREATE_CORPORATION_PRODUCT_P0K_OPAL_SHORT_NAME',
			'LOC_PROJECT_CREATE_CORPORATION_PRODUCT_P0K_OPAL_DESCRIPTION',
			500,
			'ADVISOR_GENERIC'),
		-- Plums
		(	'PROJECT_CREATE_CORPORATION_PRODUCT_P0K_PLUMS',
			'LOC_PROJECT_CREATE_CORPORATION_PRODUCT_P0K_PLUMS_NAME',
			'LOC_PROJECT_CREATE_CORPORATION_PRODUCT_P0K_PLUMS_SHORT_NAME',
			'LOC_PROJECT_CREATE_CORPORATION_PRODUCT_P0K_PLUMS_DESCRIPTION',
			500,
			'ADVISOR_GENERIC');
-------------------------------------------------------
-- Projects_MODE
-------------------------------------------------------	
INSERT INTO Projects_MODE
		(ProjectType,											ResourceType)
VALUES	('PROJECT_CREATE_CORPORATION_PRODUCT_P0K_PENGUINS',		'RESOURCE_P0K_PENGUINS'),
		('PROJECT_CREATE_CORPORATION_PRODUCT_CVS_POMEGRANATES',	'RESOURCE_CVS_POMEGRANATES'),
		('PROJECT_CREATE_CORPORATION_PRODUCT_P0K_PAPYRUS',		'RESOURCE_P0K_PAPYRUS'),
		('PROJECT_CREATE_CORPORATION_PRODUCT_P0K_MAPLE',		'RESOURCE_P0K_MAPLE'),
		('PROJECT_CREATE_CORPORATION_PRODUCT_P0K_OPAL',			'RESOURCE_P0K_OPAL'),
		('PROJECT_CREATE_CORPORATION_PRODUCT_P0K_PLUMS',		'RESOURCE_P0K_PLUMS');
-------------------------------------------------------
-- ProjectCompletionModifiers
-------------------------------------------------------	
INSERT INTO ProjectCompletionModifiers
		(ProjectType,											ModifierId)
VALUES	('PROJECT_CREATE_CORPORATION_PRODUCT_P0K_PENGUINS',		'PROJECT_COMPLETION_CREATE_CORPORATION_PRODUCT_P0K_PENGUINS'),
		('PROJECT_CREATE_CORPORATION_PRODUCT_CVS_POMEGRANATES',	'PROJECT_COMPLETION_CREATE_CORPORATION_PRODUCT_CVS_POMEGRANATES'),
		('PROJECT_CREATE_CORPORATION_PRODUCT_P0K_PAPYRUS',		'PROJECT_COMPLETION_CREATE_CORPORATION_PRODUCT_P0K_PAPYRUS'),
		('PROJECT_CREATE_CORPORATION_PRODUCT_P0K_MAPLE',		'PROJECT_COMPLETION_CREATE_CORPORATION_PRODUCT_P0K_MAPLE'),
		('PROJECT_CREATE_CORPORATION_PRODUCT_P0K_OPAL',			'PROJECT_COMPLETION_CREATE_CORPORATION_PRODUCT_P0K_OPAL'),
		('PROJECT_CREATE_CORPORATION_PRODUCT_P0K_PLUMS',		'PROJECT_COMPLETION_CREATE_CORPORATION_PRODUCT_P0K_PLUMS');
-------------------------------------------------------
-- Modifiers
-------------------------------------------------------	
INSERT INTO Modifiers
		(ModifierId,														ModifierType)
VALUES	('PROJECT_COMPLETION_CREATE_CORPORATION_PRODUCT_P0K_PENGUINS',		'MODIFIER_PLAYER_GRANT_RANDOM_RESOURCE_PRODUCT'),
		('PROJECT_COMPLETION_CREATE_CORPORATION_PRODUCT_CVS_POMEGRANATES',	'MODIFIER_PLAYER_GRANT_RANDOM_RESOURCE_PRODUCT'),
		('PROJECT_COMPLETION_CREATE_CORPORATION_PRODUCT_P0K_PAPYRUS',		'MODIFIER_PLAYER_GRANT_RANDOM_RESOURCE_PRODUCT'),
		('PROJECT_COMPLETION_CREATE_CORPORATION_PRODUCT_P0K_MAPLE',			'MODIFIER_PLAYER_GRANT_RANDOM_RESOURCE_PRODUCT'),
		('PROJECT_COMPLETION_CREATE_CORPORATION_PRODUCT_P0K_OPAL',			'MODIFIER_PLAYER_GRANT_RANDOM_RESOURCE_PRODUCT'),
		('PROJECT_COMPLETION_CREATE_CORPORATION_PRODUCT_P0K_PLUMS',			'MODIFIER_PLAYER_GRANT_RANDOM_RESOURCE_PRODUCT');
-------------------------------------------------------
-- ModifierArguments
-------------------------------------------------------	
INSERT INTO ModifierArguments
		(ModifierId,														Name,				Value)
VALUES	('PROJECT_COMPLETION_CREATE_CORPORATION_PRODUCT_P0K_PENGUINS',		'ResourceType',		'RESOURCE_P0K_PENGUINS'),
		('PROJECT_COMPLETION_CREATE_CORPORATION_PRODUCT_CVS_POMEGRANATES',	'ResourceType',		'RESOURCE_CVS_POMEGRANATES'),
		('PROJECT_COMPLETION_CREATE_CORPORATION_PRODUCT_P0K_PAPYRUS',		'ResourceType',		'RESOURCE_P0K_PAPYRUS'),
		('PROJECT_COMPLETION_CREATE_CORPORATION_PRODUCT_P0K_MAPLE',			'ResourceType',		'RESOURCE_P0K_MAPLE'),
		('PROJECT_COMPLETION_CREATE_CORPORATION_PRODUCT_P0K_OPAL',			'ResourceType',		'RESOURCE_P0K_OPAL'),
		('PROJECT_COMPLETION_CREATE_CORPORATION_PRODUCT_P0K_PLUMS',			'ResourceType',		'RESOURCE_P0K_PLUMS');