--=============================================================================================================
-- PRODUCTS
--=============================================================================================================
-- Types
-------------------------------------------------------
INSERT INTO Types
		(Type,										Kind)
VALUES	('GREATWORK_PRODUCT_P0K_PENGUINS_1',		'KIND_GREATWORK'),
		('GREATWORK_PRODUCT_P0K_PENGUINS_2',		'KIND_GREATWORK'),
		('GREATWORK_PRODUCT_P0K_PENGUINS_3',		'KIND_GREATWORK'),
		('GREATWORK_PRODUCT_P0K_PENGUINS_4',		'KIND_GREATWORK'),
		('GREATWORK_PRODUCT_P0K_PENGUINS_5',		'KIND_GREATWORK'),
		
		('GREATWORK_PRODUCT_CVS_POMEGRANATES_1',	'KIND_GREATWORK'),
		('GREATWORK_PRODUCT_CVS_POMEGRANATES_2',	'KIND_GREATWORK'),
		('GREATWORK_PRODUCT_CVS_POMEGRANATES_3',	'KIND_GREATWORK'),
		('GREATWORK_PRODUCT_CVS_POMEGRANATES_4',	'KIND_GREATWORK'),
		('GREATWORK_PRODUCT_CVS_POMEGRANATES_5',	'KIND_GREATWORK'),

		('GREATWORK_PRODUCT_P0K_PAPYRUS_1',			'KIND_GREATWORK'),
		('GREATWORK_PRODUCT_P0K_PAPYRUS_2',			'KIND_GREATWORK'),
		('GREATWORK_PRODUCT_P0K_PAPYRUS_3',			'KIND_GREATWORK'),
		('GREATWORK_PRODUCT_P0K_PAPYRUS_4',			'KIND_GREATWORK'),
		('GREATWORK_PRODUCT_P0K_PAPYRUS_5',			'KIND_GREATWORK'),

		('GREATWORK_PRODUCT_P0K_MAPLE_1',			'KIND_GREATWORK'),
		('GREATWORK_PRODUCT_P0K_MAPLE_2',			'KIND_GREATWORK'),
		('GREATWORK_PRODUCT_P0K_MAPLE_3',			'KIND_GREATWORK'),
		('GREATWORK_PRODUCT_P0K_MAPLE_4',			'KIND_GREATWORK'),
		('GREATWORK_PRODUCT_P0K_MAPLE_5',			'KIND_GREATWORK'),

		('GREATWORK_PRODUCT_P0K_OPAL_1',			'KIND_GREATWORK'),
		('GREATWORK_PRODUCT_P0K_OPAL_2',			'KIND_GREATWORK'),
		('GREATWORK_PRODUCT_P0K_OPAL_3',			'KIND_GREATWORK'),
		('GREATWORK_PRODUCT_P0K_OPAL_4',			'KIND_GREATWORK'),
		('GREATWORK_PRODUCT_P0K_OPAL_5',			'KIND_GREATWORK'),

		('GREATWORK_PRODUCT_P0K_PLUMS_1',			'KIND_GREATWORK'),
		('GREATWORK_PRODUCT_P0K_PLUMS_2',			'KIND_GREATWORK'),
		('GREATWORK_PRODUCT_P0K_PLUMS_3',			'KIND_GREATWORK'),
		('GREATWORK_PRODUCT_P0K_PLUMS_4',			'KIND_GREATWORK'),
		('GREATWORK_PRODUCT_P0K_PLUMS_5',			'KIND_GREATWORK');
-------------------------------------------------------
-- GreatWorks
-------------------------------------------------------
INSERT INTO GreatWorks
		(GreatWorkType,								GreatWorkObjectType,		Name,												Tourism)
VALUES	('GREATWORK_PRODUCT_P0K_PENGUINS_1',		'GREATWORKOBJECT_PRODUCT',	'LOC_GREATWORK_PRODUCT_P0K_PENGUINS_1_NAME',		1),
		('GREATWORK_PRODUCT_P0K_PENGUINS_2',		'GREATWORKOBJECT_PRODUCT',	'LOC_GREATWORK_PRODUCT_P0K_PENGUINS_2_NAME',		1),
		('GREATWORK_PRODUCT_P0K_PENGUINS_3',		'GREATWORKOBJECT_PRODUCT',	'LOC_GREATWORK_PRODUCT_P0K_PENGUINS_3_NAME',		1),
		('GREATWORK_PRODUCT_P0K_PENGUINS_4',		'GREATWORKOBJECT_PRODUCT',	'LOC_GREATWORK_PRODUCT_P0K_PENGUINS_4_NAME',		1),
		('GREATWORK_PRODUCT_P0K_PENGUINS_5',		'GREATWORKOBJECT_PRODUCT',	'LOC_GREATWORK_PRODUCT_P0K_PENGUINS_5_NAME',		1),

		('GREATWORK_PRODUCT_CVS_POMEGRANATES_1',	'GREATWORKOBJECT_PRODUCT',	'LOC_GREATWORK_PRODUCT_CVS_POMEGRANATES_1_NAME',	1),
		('GREATWORK_PRODUCT_CVS_POMEGRANATES_2',	'GREATWORKOBJECT_PRODUCT',	'LOC_GREATWORK_PRODUCT_CVS_POMEGRANATES_2_NAME',	1),
		('GREATWORK_PRODUCT_CVS_POMEGRANATES_3',	'GREATWORKOBJECT_PRODUCT',	'LOC_GREATWORK_PRODUCT_CVS_POMEGRANATES_3_NAME',	1),
		('GREATWORK_PRODUCT_CVS_POMEGRANATES_4',	'GREATWORKOBJECT_PRODUCT',	'LOC_GREATWORK_PRODUCT_CVS_POMEGRANATES_4_NAME',	1),
		('GREATWORK_PRODUCT_CVS_POMEGRANATES_5',	'GREATWORKOBJECT_PRODUCT',	'LOC_GREATWORK_PRODUCT_CVS_POMEGRANATES_5_NAME',	1),

		('GREATWORK_PRODUCT_P0K_PAPYRUS_1',			'GREATWORKOBJECT_PRODUCT',	'LOC_GREATWORK_PRODUCT_P0K_PAPYRUS_1_NAME',			1),
		('GREATWORK_PRODUCT_P0K_PAPYRUS_2',			'GREATWORKOBJECT_PRODUCT',	'LOC_GREATWORK_PRODUCT_P0K_PAPYRUS_2_NAME',			1),
		('GREATWORK_PRODUCT_P0K_PAPYRUS_3',			'GREATWORKOBJECT_PRODUCT',	'LOC_GREATWORK_PRODUCT_P0K_PAPYRUS_3_NAME',			1),
		('GREATWORK_PRODUCT_P0K_PAPYRUS_4',			'GREATWORKOBJECT_PRODUCT',	'LOC_GREATWORK_PRODUCT_P0K_PAPYRUS_4_NAME',			1),
		('GREATWORK_PRODUCT_P0K_PAPYRUS_5',			'GREATWORKOBJECT_PRODUCT',	'LOC_GREATWORK_PRODUCT_P0K_PAPYRUS_5_NAME',			1),

		('GREATWORK_PRODUCT_P0K_MAPLE_1',			'GREATWORKOBJECT_PRODUCT',	'LOC_GREATWORK_PRODUCT_P0K_MAPLE_1_NAME',			1),
		('GREATWORK_PRODUCT_P0K_MAPLE_2',			'GREATWORKOBJECT_PRODUCT',	'LOC_GREATWORK_PRODUCT_P0K_MAPLE_2_NAME',			1),
		('GREATWORK_PRODUCT_P0K_MAPLE_3',			'GREATWORKOBJECT_PRODUCT',	'LOC_GREATWORK_PRODUCT_P0K_MAPLE_3_NAME',			1),
		('GREATWORK_PRODUCT_P0K_MAPLE_4',			'GREATWORKOBJECT_PRODUCT',	'LOC_GREATWORK_PRODUCT_P0K_MAPLE_4_NAME',			1),
		('GREATWORK_PRODUCT_P0K_MAPLE_5',			'GREATWORKOBJECT_PRODUCT',	'LOC_GREATWORK_PRODUCT_P0K_MAPLE_5_NAME',			1),

		('GREATWORK_PRODUCT_P0K_OPAL_1',			'GREATWORKOBJECT_PRODUCT',	'LOC_GREATWORK_PRODUCT_P0K_OPAL_1_NAME',			1),
		('GREATWORK_PRODUCT_P0K_OPAL_2',			'GREATWORKOBJECT_PRODUCT',	'LOC_GREATWORK_PRODUCT_P0K_OPAL_2_NAME',			1),
		('GREATWORK_PRODUCT_P0K_OPAL_3',			'GREATWORKOBJECT_PRODUCT',	'LOC_GREATWORK_PRODUCT_P0K_OPAL_3_NAME',			1),
		('GREATWORK_PRODUCT_P0K_OPAL_4',			'GREATWORKOBJECT_PRODUCT',	'LOC_GREATWORK_PRODUCT_P0K_OPAL_4_NAME',			1),
		('GREATWORK_PRODUCT_P0K_OPAL_5',			'GREATWORKOBJECT_PRODUCT',	'LOC_GREATWORK_PRODUCT_P0K_OPAL_5_NAME',			1),

		('GREATWORK_PRODUCT_P0K_PLUMS_1',			'GREATWORKOBJECT_PRODUCT',	'LOC_GREATWORK_PRODUCT_P0K_PLUMS_1_NAME',			1),
		('GREATWORK_PRODUCT_P0K_PLUMS_2',			'GREATWORKOBJECT_PRODUCT',	'LOC_GREATWORK_PRODUCT_P0K_PLUMS_2_NAME',			1),
		('GREATWORK_PRODUCT_P0K_PLUMS_3',			'GREATWORKOBJECT_PRODUCT',	'LOC_GREATWORK_PRODUCT_P0K_PLUMS_3_NAME',			1),
		('GREATWORK_PRODUCT_P0K_PLUMS_4',			'GREATWORKOBJECT_PRODUCT',	'LOC_GREATWORK_PRODUCT_P0K_PLUMS_4_NAME',			1),
		('GREATWORK_PRODUCT_P0K_PLUMS_5',			'GREATWORKOBJECT_PRODUCT',	'LOC_GREATWORK_PRODUCT_P0K_PLUMS_5_NAME',			1);
-------------------------------------------------------
-- GreatWorks_ImprovementType
-------------------------------------------------------
INSERT INTO GreatWorks_ImprovementType
		(GreatWorkType,								ResourceType)
VALUES	('GREATWORK_PRODUCT_P0K_PENGUINS_1',		'RESOURCE_P0K_PENGUINS'),
		('GREATWORK_PRODUCT_P0K_PENGUINS_2',		'RESOURCE_P0K_PENGUINS'),
		('GREATWORK_PRODUCT_P0K_PENGUINS_3',		'RESOURCE_P0K_PENGUINS'),
		('GREATWORK_PRODUCT_P0K_PENGUINS_4',		'RESOURCE_P0K_PENGUINS'),
		('GREATWORK_PRODUCT_P0K_PENGUINS_5',		'RESOURCE_P0K_PENGUINS'),
													
		('GREATWORK_PRODUCT_CVS_POMEGRANATES_1',	'RESOURCE_CVS_POMEGRANATES'),
		('GREATWORK_PRODUCT_CVS_POMEGRANATES_2',	'RESOURCE_CVS_POMEGRANATES'),
		('GREATWORK_PRODUCT_CVS_POMEGRANATES_3',	'RESOURCE_CVS_POMEGRANATES'),
		('GREATWORK_PRODUCT_CVS_POMEGRANATES_4',	'RESOURCE_CVS_POMEGRANATES'),
		('GREATWORK_PRODUCT_CVS_POMEGRANATES_5',	'RESOURCE_CVS_POMEGRANATES'),
													
		('GREATWORK_PRODUCT_P0K_PAPYRUS_1',			'RESOURCE_P0K_PAPYRUS'),
		('GREATWORK_PRODUCT_P0K_PAPYRUS_2',			'RESOURCE_P0K_PAPYRUS'),
		('GREATWORK_PRODUCT_P0K_PAPYRUS_3',			'RESOURCE_P0K_PAPYRUS'),
		('GREATWORK_PRODUCT_P0K_PAPYRUS_4',			'RESOURCE_P0K_PAPYRUS'),
		('GREATWORK_PRODUCT_P0K_PAPYRUS_5',			'RESOURCE_P0K_PAPYRUS'),

		('GREATWORK_PRODUCT_P0K_MAPLE_1',			'RESOURCE_P0K_MAPLE'),
		('GREATWORK_PRODUCT_P0K_MAPLE_2',			'RESOURCE_P0K_MAPLE'),
		('GREATWORK_PRODUCT_P0K_MAPLE_3',			'RESOURCE_P0K_MAPLE'),
		('GREATWORK_PRODUCT_P0K_MAPLE_4',			'RESOURCE_P0K_MAPLE'),
		('GREATWORK_PRODUCT_P0K_MAPLE_5',			'RESOURCE_P0K_MAPLE'),

		('GREATWORK_PRODUCT_P0K_OPAL_1',			'RESOURCE_P0K_OPAL'),
		('GREATWORK_PRODUCT_P0K_OPAL_2',			'RESOURCE_P0K_OPAL'),
		('GREATWORK_PRODUCT_P0K_OPAL_3',			'RESOURCE_P0K_OPAL'),
		('GREATWORK_PRODUCT_P0K_OPAL_4',			'RESOURCE_P0K_OPAL'),
		('GREATWORK_PRODUCT_P0K_OPAL_5',			'RESOURCE_P0K_OPAL'),
		
		('GREATWORK_PRODUCT_P0K_PLUMS_1',			'RESOURCE_P0K_PLUMS'),
		('GREATWORK_PRODUCT_P0K_PLUMS_2',			'RESOURCE_P0K_PLUMS'),
		('GREATWORK_PRODUCT_P0K_PLUMS_3',			'RESOURCE_P0K_PLUMS'),
		('GREATWORK_PRODUCT_P0K_PLUMS_4',			'RESOURCE_P0K_PLUMS'),
		('GREATWORK_PRODUCT_P0K_PLUMS_5',			'RESOURCE_P0K_PLUMS');
-------------------------------------------------------
-- GreatWork_YieldChanges
-------------------------------------------------------
INSERT INTO GreatWork_YieldChanges
		(GreatWorkType,								YieldType,			YieldChange)
VALUES	('GREATWORK_PRODUCT_P0K_PENGUINS_1',		'YIELD_SCIENCE',	3),
		('GREATWORK_PRODUCT_P0K_PENGUINS_2',		'YIELD_SCIENCE',	3),
		('GREATWORK_PRODUCT_P0K_PENGUINS_3',		'YIELD_SCIENCE',	3),
		('GREATWORK_PRODUCT_P0K_PENGUINS_4',		'YIELD_SCIENCE',	3),
		('GREATWORK_PRODUCT_P0K_PENGUINS_5',		'YIELD_SCIENCE',	3),

		('GREATWORK_PRODUCT_CVS_POMEGRANATES_1',	'YIELD_FAITH',		4),
		('GREATWORK_PRODUCT_CVS_POMEGRANATES_2',	'YIELD_FAITH',		4),
		('GREATWORK_PRODUCT_CVS_POMEGRANATES_3',	'YIELD_FAITH',		4),
		('GREATWORK_PRODUCT_CVS_POMEGRANATES_4',	'YIELD_FAITH',		4),
		('GREATWORK_PRODUCT_CVS_POMEGRANATES_5',	'YIELD_FAITH',		4),

		('GREATWORK_PRODUCT_P0K_PAPYRUS_1',			'YIELD_SCIENCE',	3),
		('GREATWORK_PRODUCT_P0K_PAPYRUS_2',			'YIELD_SCIENCE',	3),
		('GREATWORK_PRODUCT_P0K_PAPYRUS_3',			'YIELD_SCIENCE',	3),
		('GREATWORK_PRODUCT_P0K_PAPYRUS_4',			'YIELD_SCIENCE',	3),
		('GREATWORK_PRODUCT_P0K_PAPYRUS_5',			'YIELD_SCIENCE',	3),

		('GREATWORK_PRODUCT_P0K_MAPLE_1',			'YIELD_FOOD',		3),
		('GREATWORK_PRODUCT_P0K_MAPLE_2',			'YIELD_FOOD',		3),
		('GREATWORK_PRODUCT_P0K_MAPLE_3',			'YIELD_FOOD',		3),
		('GREATWORK_PRODUCT_P0K_MAPLE_4',			'YIELD_FOOD',		3),
		('GREATWORK_PRODUCT_P0K_MAPLE_5',			'YIELD_FOOD',		3),

		('GREATWORK_PRODUCT_P0K_OPAL_1',			'YIELD_GOLD',		6),
		('GREATWORK_PRODUCT_P0K_OPAL_2',			'YIELD_GOLD',		6),
		('GREATWORK_PRODUCT_P0K_OPAL_3',			'YIELD_GOLD',		6),
		('GREATWORK_PRODUCT_P0K_OPAL_4',			'YIELD_GOLD',		6),
		('GREATWORK_PRODUCT_P0K_OPAL_5',			'YIELD_GOLD',		6),

		('GREATWORK_PRODUCT_P0K_PLUMS_1',			'YIELD_CULTURE',	3),
		('GREATWORK_PRODUCT_P0K_PLUMS_2',			'YIELD_CULTURE',	3),
		('GREATWORK_PRODUCT_P0K_PLUMS_3',			'YIELD_CULTURE',	3),
		('GREATWORK_PRODUCT_P0K_PLUMS_4',			'YIELD_CULTURE',	3),
		('GREATWORK_PRODUCT_P0K_PLUMS_5',			'YIELD_CULTURE',	3);
-------------------------------------------------------
-- GreatWorkModifiers
-------------------------------------------------------
INSERT INTO GreatWorkModifiers
		(GreatWorkType,								ModifierID)
VALUES	('GREATWORK_PRODUCT_P0K_PENGUINS_1',		'PRODUCT_SCIENCE_YIELD_BONUS_P0K_PENGUINS'),
		('GREATWORK_PRODUCT_P0K_PENGUINS_2',		'PRODUCT_SCIENCE_YIELD_BONUS_P0K_PENGUINS'),
		('GREATWORK_PRODUCT_P0K_PENGUINS_3',		'PRODUCT_SCIENCE_YIELD_BONUS_P0K_PENGUINS'),
		('GREATWORK_PRODUCT_P0K_PENGUINS_4',		'PRODUCT_SCIENCE_YIELD_BONUS_P0K_PENGUINS'),
		('GREATWORK_PRODUCT_P0K_PENGUINS_5',		'PRODUCT_SCIENCE_YIELD_BONUS_P0K_PENGUINS'),

		('GREATWORK_PRODUCT_CVS_POMEGRANATES_1',	'PRODUCT_FAITH_YIELD_BONUS_CVS_POMEGRANATES'),
		('GREATWORK_PRODUCT_CVS_POMEGRANATES_2',	'PRODUCT_FAITH_YIELD_BONUS_CVS_POMEGRANATES'),
		('GREATWORK_PRODUCT_CVS_POMEGRANATES_3',	'PRODUCT_FAITH_YIELD_BONUS_CVS_POMEGRANATES'),
		('GREATWORK_PRODUCT_CVS_POMEGRANATES_4',	'PRODUCT_FAITH_YIELD_BONUS_CVS_POMEGRANATES'),
		('GREATWORK_PRODUCT_CVS_POMEGRANATES_5',	'PRODUCT_FAITH_YIELD_BONUS_CVS_POMEGRANATES'),

		('GREATWORK_PRODUCT_P0K_PAPYRUS_1',			'PRODUCT_SCIENCE_YIELD_BONUS_P0K_PAPYRUS'),
		('GREATWORK_PRODUCT_P0K_PAPYRUS_2',			'PRODUCT_SCIENCE_YIELD_BONUS_P0K_PAPYRUS'),
		('GREATWORK_PRODUCT_P0K_PAPYRUS_3',			'PRODUCT_SCIENCE_YIELD_BONUS_P0K_PAPYRUS'),
		('GREATWORK_PRODUCT_P0K_PAPYRUS_4',			'PRODUCT_SCIENCE_YIELD_BONUS_P0K_PAPYRUS'),
		('GREATWORK_PRODUCT_P0K_PAPYRUS_5',			'PRODUCT_SCIENCE_YIELD_BONUS_P0K_PAPYRUS'),

		('GREATWORK_PRODUCT_P0K_MAPLE_1',			'PRODUCT_CITY_GROWTH_MAPLE'),
		('GREATWORK_PRODUCT_P0K_MAPLE_2',			'PRODUCT_CITY_GROWTH_MAPLE'),
		('GREATWORK_PRODUCT_P0K_MAPLE_3',			'PRODUCT_CITY_GROWTH_MAPLE'),
		('GREATWORK_PRODUCT_P0K_MAPLE_4',			'PRODUCT_CITY_GROWTH_MAPLE'),
		('GREATWORK_PRODUCT_P0K_MAPLE_5',			'PRODUCT_CITY_GROWTH_MAPLE'),
		('GREATWORK_PRODUCT_P0K_MAPLE_1',			'PRODUCT_CITY_GROWTH_HOUSING_MAPLE'),
		('GREATWORK_PRODUCT_P0K_MAPLE_2',			'PRODUCT_CITY_GROWTH_HOUSING_MAPLE'),
		('GREATWORK_PRODUCT_P0K_MAPLE_3',			'PRODUCT_CITY_GROWTH_HOUSING_MAPLE'),
		('GREATWORK_PRODUCT_P0K_MAPLE_4',			'PRODUCT_CITY_GROWTH_HOUSING_MAPLE'),
		('GREATWORK_PRODUCT_P0K_MAPLE_5',			'PRODUCT_CITY_GROWTH_HOUSING_MAPLE'),

		('GREATWORK_PRODUCT_P0K_OPAL_1',			'PRODUCT_GOLD_YIELD_BONUS_P0K_OPAL'),
		('GREATWORK_PRODUCT_P0K_OPAL_2',			'PRODUCT_GOLD_YIELD_BONUS_P0K_OPAL'),
		('GREATWORK_PRODUCT_P0K_OPAL_3',			'PRODUCT_GOLD_YIELD_BONUS_P0K_OPAL'),
		('GREATWORK_PRODUCT_P0K_OPAL_4',			'PRODUCT_GOLD_YIELD_BONUS_P0K_OPAL'),
		('GREATWORK_PRODUCT_P0K_OPAL_5',			'PRODUCT_GOLD_YIELD_BONUS_P0K_OPAL'),

		('GREATWORK_PRODUCT_P0K_PLUMS_1',			'PRODUCT_CULTURE_YIELD_BONUS_P0K_PLUMS'),
		('GREATWORK_PRODUCT_P0K_PLUMS_2',			'PRODUCT_CULTURE_YIELD_BONUS_P0K_PLUMS'),
		('GREATWORK_PRODUCT_P0K_PLUMS_3',			'PRODUCT_CULTURE_YIELD_BONUS_P0K_PLUMS'),
		('GREATWORK_PRODUCT_P0K_PLUMS_4',			'PRODUCT_CULTURE_YIELD_BONUS_P0K_PLUMS'),
		('GREATWORK_PRODUCT_P0K_PLUMS_5',			'PRODUCT_CULTURE_YIELD_BONUS_P0K_PLUMS');
-------------------------------------------------------
-- Modifiers
-------------------------------------------------------
INSERT INTO Modifiers
		(ModifierId,									ModifierType,													SubjectStackLimit)
		-- Penguins: Science Bonus
VALUES	('PRODUCT_SCIENCE_YIELD_BONUS_P0K_PENGUINS',	'MODIFIER_SINGLE_CITY_ADJUST_CITY_YIELD_MODIFIER',				1),
		-- Pomegranates: Faith Bonus
		('PRODUCT_FAITH_YIELD_BONUS_CVS_POMEGRANATES',	'MODIFIER_SINGLE_CITY_ADJUST_CITY_YIELD_MODIFIER',				1),
		-- Papyrus: Science Bonus
		('PRODUCT_SCIENCE_YIELD_BONUS_P0K_PAPYRUS',		'MODIFIER_SINGLE_CITY_ADJUST_CITY_YIELD_MODIFIER',				1),
		-- Maple: Growth and Housing Bonus
		('PRODUCT_CITY_GROWTH_MAPLE',					'MODIFIER_SINGLE_CITY_ADJUST_CITY_GROWTH',						1),
		('PRODUCT_CITY_GROWTH_HOUSING_MAPLE',			'MODIFIER_SINGLE_CITY_ADJUST_CITY_HOUSING_FROM_GREAT_WORKS',	1),
		-- Opal: Gold Bonus
		('PRODUCT_GOLD_YIELD_BONUS_P0K_OPAL',			'MODIFIER_SINGLE_CITY_ADJUST_CITY_YIELD_MODIFIER',				1),
		-- Plums: Culture Bonus
		('PRODUCT_CULTURE_YIELD_BONUS_P0K_PLUMS',		'MODIFIER_SINGLE_CITY_ADJUST_CITY_YIELD_MODIFIER',				1);
-------------------------------------------------------
-- ModifierArguments
-------------------------------------------------------
INSERT INTO ModifierArguments
		(ModifierId,									Name,			Value)
		-- Penguins: Science Bonus
VALUES	('PRODUCT_SCIENCE_YIELD_BONUS_P0K_PENGUINS',	'YieldType',	'YIELD_SCIENCE'),
		('PRODUCT_SCIENCE_YIELD_BONUS_P0K_PENGUINS',	'Amount',		15),
		-- Pomegranates: Faith Bonus
		('PRODUCT_FAITH_YIELD_BONUS_CVS_POMEGRANATES',	'YieldType',	'YIELD_FAITH'),
		('PRODUCT_FAITH_YIELD_BONUS_CVS_POMEGRANATES',	'Amount',		25),
		-- Papyrus: Science Bonus
		('PRODUCT_SCIENCE_YIELD_BONUS_P0K_PAPYRUS',		'YieldType',	'YIELD_SCIENCE'),
		('PRODUCT_SCIENCE_YIELD_BONUS_P0K_PAPYRUS',		'Amount',		15),
		-- Maple: Growth and Housing Bonus
		('PRODUCT_CITY_GROWTH_MAPLE',					'Amount',		20),
		('PRODUCT_CITY_GROWTH_HOUSING_MAPLE',			'Amount',		3),
		-- Opal: Gold Bonus
		('PRODUCT_GOLD_YIELD_BONUS_P0K_OPAL',			'YieldType',	'YIELD_GOLD'),
		('PRODUCT_GOLD_YIELD_BONUS_P0K_OPAL',			'Amount',		25),
		-- Plums: Culture Bonus
		('PRODUCT_CULTURE_YIELD_BONUS_P0K_PLUMS',		'YieldType',	'YIELD_CULTURE'),
		('PRODUCT_CULTURE_YIELD_BONUS_P0K_PLUMS',		'Amount',		20);
-------------------------------------------------------
-- ModifierStrings
-------------------------------------------------------
INSERT INTO ModifierStrings
		(ModifierId,									Context,	Text)
VALUES	('PRODUCT_SCIENCE_YIELD_BONUS_P0K_PENGUINS',	'Summary',	'LOC_INDUSTRY_SCIENCE_YIELD_BONUS_DESCRIPTION'),
		('PRODUCT_FAITH_YIELD_BONUS_CVS_POMEGRANATES',	'Summary',	'LOC_INDUSTRY_FAITH_YIELD_BONUS_DESCRIPTION'),
		('PRODUCT_SCIENCE_YIELD_BONUS_P0K_PAPYRUS',		'Summary',	'LOC_INDUSTRY_SCIENCE_YIELD_BONUS_DESCRIPTION'),
		('PRODUCT_CITY_GROWTH_MAPLE',					'Summary',	'LOC_INDUSTRY_CITY_GROWTH_DISCOUNT_DESCRIPTION'),
		('PRODUCT_GOLD_YIELD_BONUS_P0K_OPAL',			'Summary',	'LOC_INDUSTRY_GOLD_YIELD_BONUS_DESCRIPTION'),
		('PRODUCT_CULTURE_YIELD_BONUS_P0K_PLUMS',		'Summary',	'LOC_INDUSTRY_CULTURE_YIELD_BONUS_DESCRIPTION');